Abilene Chr,Arizona St,0.24804091346657797
Abilene Chr,Auburn,0.16109031162832232
Abilene Chr,Baylor,0.2376811089230182
Abilene Chr,Belmont,0.21698278660474346
Abilene Chr,Bradley,0.4811107049696538
Abilene Chr,Buffalo,0.1753283969792906
Abilene Chr,Cincinnati,0.17137286843274513
Abilene Chr,Colgate,0.39819896668989707
Abilene Chr,Duke,0.08639641095829542
Abilene Chr,F Dickinson,0.5828369726048379
Abilene Chr,Florida,0.2527590661975876
Abilene Chr,Florida St,0.13446219194390874
Abilene Chr,Gardner Webb,0.6193850092609414
Abilene Chr,Georgia St,0.38194932559497863
Abilene Chr,Gonzaga,0.07490615045798854
Abilene Chr,Houston,0.11982709086784549
Abilene Chr,Iona,0.5198925494652995
Abilene Chr,Iowa,0.30737558522933817
Abilene Chr,Iowa St,0.1921500553379757
Abilene Chr,Kansas,0.20764901399790137
Abilene Chr,Kansas St,0.1336990245662274
Abilene Chr,Kentucky,0.1315127612429361
Abilene Chr,Liberty,0.43473691373299184
Abilene Chr,Louisville,0.27141445381494567
Abilene Chr,LSU,0.1571703630699166
Abilene Chr,Marquette,0.2049414111339818
Abilene Chr,Maryland,0.2756251494671442
Abilene Chr,Michigan,0.13218428797321702
Abilene Chr,Michigan St,0.12195149859575305
Abilene Chr,Minnesota,0.3371874633279537
Abilene Chr,Mississippi,0.3319120821062851
Abilene Chr,Mississippi St,0.1770886870303523
Abilene Chr,Montana,0.32785230155442857
Abilene Chr,Murray St,0.25236488995780304
Abilene Chr,N Dakota St,0.6450996609217731
Abilene Chr,N Kentucky,0.3524099670199108
Abilene Chr,NC Central,0.7084919109580381
Abilene Chr,Nevada,0.1314495454205562
Abilene Chr,New Mexico St,0.17647730168381603
Abilene Chr,North Carolina,0.08692961816725331
Abilene Chr,Northeastern,0.27312920064070945
Abilene Chr,Ohio St,0.30320697760987037
Abilene Chr,Oklahoma,0.31246639303911505
Abilene Chr,Old Dominion,0.3750265705989847
Abilene Chr,Oregon,0.17297889470395855
Abilene Chr,Prairie View,0.5985701904532323
Abilene Chr,Purdue,0.1275840848963744
Abilene Chr,Seton Hall,0.22602641936862333
Abilene Chr,St John's,0.34153509802079596
Abilene Chr,St Louis,0.3279342302595205
Abilene Chr,St Mary's CA,0.24203918169416272
Abilene Chr,Syracuse,0.2642749596991346
Abilene Chr,Temple,0.25522388944951824
Abilene Chr,Tennessee,0.1287143339551554
Abilene Chr,Texas Tech,0.1110909227601059
Abilene Chr,UC Irvine,0.24841392689887898
Abilene Chr,UCF,0.27843741929765176
Abilene Chr,Utah St,0.20546248297941216
Abilene Chr,VA Commonwealth,0.16602227054930718
Abilene Chr,Vermont,0.2408961553158535
Abilene Chr,Villanova,0.13684056375588483
Abilene Chr,Virginia,0.07471799278313229
Abilene Chr,Virginia Tech,0.16559093015869986
Abilene Chr,Washington,0.2366896699542449
Abilene Chr,Wisconsin,0.21149155284370313
Abilene Chr,Wofford,0.20560647709033608
Abilene Chr,Yale,0.330373701449692
Arizona St,Auburn,0.3429802204743081
Arizona St,Baylor,0.4453184286661751
Arizona St,Belmont,0.5300660295881132
Arizona St,Bradley,0.7907269911540289
Arizona St,Buffalo,0.4172437979397702
Arizona St,Cincinnati,0.299092638787809
Arizona St,Colgate,0.7159662527706316
Arizona St,Duke,0.16831461264065195
Arizona St,F Dickinson,0.818413773530852
Arizona St,Florida,0.4884965279533363
Arizona St,Florida St,0.26217972142507306
Arizona St,Gardner Webb,0.8369341393742145
Arizona St,Georgia St,0.7358405941369303
Arizona St,Gonzaga,0.16461789938585325
Arizona St,Houston,0.25789145735387564
Arizona St,Iona,0.8124225401591672
Arizona St,Iowa,0.5900302619940185
Arizona St,Iowa St,0.35840244489944884
Arizona St,Kansas,0.359329892361144
Arizona St,Kansas St,0.28567675859879205
Arizona St,Kentucky,0.24878691083973725
Arizona St,Liberty,0.761262337876695
Arizona St,Louisville,0.4823934344196419
Arizona St,LSU,0.3377743249242511
Arizona St,Marquette,0.40075866664789517
Arizona St,Maryland,0.5087965374994088
Arizona St,Michigan,0.2571010939479683
Arizona St,Michigan St,0.2355948813344616
Arizona St,Minnesota,0.6131534168494025
Arizona St,Mississippi,0.6273942784049252
Arizona St,Mississippi St,0.3872032537249034
Arizona St,Montana,0.6845406756634105
Arizona St,Murray St,0.5700064018802431
Arizona St,N Dakota St,0.8496764837173262
Arizona St,N Kentucky,0.7139604129638422
Arizona St,NC Central,0.8719017956260241
Arizona St,Nevada,0.307284709766827
Arizona St,New Mexico St,0.4281328924152752
Arizona St,North Carolina,0.1808552215482554
Arizona St,Northeastern,0.5851747980982465
Arizona St,Ohio St,0.5588490167851008
Arizona St,Oklahoma,0.56153712412099
Arizona St,Old Dominion,0.6874420143082914
Arizona St,Oregon,0.3818073928376601
Arizona St,Prairie View,0.8157901060223686
Arizona St,Purdue,0.2770535811768726
Arizona St,Seton Hall,0.44000774513325047
Arizona St,St John's,0.6309850816289764
Arizona St,St Louis,0.63386291206539
Arizona St,St Mary's CA,0.5213765110388231
Arizona St,Syracuse,0.526343520840381
Arizona St,Temple,0.5285851473496381
Arizona St,Tennessee,0.2588261194066491
Arizona St,Texas Tech,0.22281562387022025
Arizona St,UC Irvine,0.568749564011414
Arizona St,UCF,0.5253514382637577
Arizona St,Utah St,0.46674334796093897
Arizona St,VA Commonwealth,0.41528054952501303
Arizona St,Vermont,0.5705094488022366
Arizona St,Villanova,0.271030897667893
Arizona St,Virginia,0.1534630550950855
Arizona St,Virginia Tech,0.34969695503495657
Arizona St,Washington,0.46595706507733936
Arizona St,Wisconsin,0.41661513639093317
Arizona St,Wofford,0.531245936820375
Arizona St,Yale,0.7063227610304137
Auburn,Baylor,0.6417424324871426
Auburn,Belmont,0.7053848540010513
Auburn,Bradley,0.8840274650017138
Auburn,Buffalo,0.632606750390022
Auburn,Cincinnati,0.4569379960190805
Auburn,Colgate,0.8387296851803179
Auburn,Duke,0.30220338401983315
Auburn,F Dickinson,0.8914979788572033
Auburn,Florida,0.6875695141326688
Auburn,Florida St,0.42170996948907025
Auburn,Gardner Webb,0.9003788750250039
Auburn,Georgia St,0.8484858473320698
Auburn,Gonzaga,0.3022671069185605
Auburn,Houston,0.40078812652361695
Auburn,Iona,0.8944253701879348
Auburn,Iowa,0.7515934758802691
Auburn,Iowa St,0.5681489944591818
Auburn,Kansas,0.5239770734227833
Auburn,Kansas St,0.46034297923325884
Auburn,Kentucky,0.4035926216499729
Auburn,Liberty,0.8611208471786396
Auburn,Louisville,0.6780516738243703
Auburn,LSU,0.5059878508108737
Auburn,Marquette,0.5920940035210587
Auburn,Maryland,0.6826600200352602
Auburn,Michigan,0.4169076625344563
Auburn,Michigan St,0.3872850647211633
Auburn,Minnesota,0.7699833911521596
Auburn,Mississippi,0.777374238649084
Auburn,Mississippi St,0.589862678788768
Auburn,Montana,0.8232163249133748
Auburn,Murray St,0.7412740819157795
Auburn,N Dakota St,0.9105412821742109
Auburn,N Kentucky,0.8447297194311594
Auburn,NC Central,0.9207161343925583
Auburn,Nevada,0.5078462673763453
Auburn,New Mexico St,0.6360910794438774
Auburn,North Carolina,0.3081201822297689
Auburn,Northeastern,0.7542450805428698
Auburn,Ohio St,0.7271442932411649
Auburn,Oklahoma,0.7284452679846016
Auburn,Old Dominion,0.8083614903295836
Auburn,Oregon,0.5967549634797118
Auburn,Prairie View,0.8912666210758966
Auburn,Purdue,0.4359826575396387
Auburn,Seton Hall,0.6139148739484701
Auburn,St John's,0.7655316548477912
Auburn,St Louis,0.7782615170285452
Auburn,St Mary's CA,0.7303178025155496
Auburn,Syracuse,0.6991038193630927
Auburn,Temple,0.7173386541863087
Auburn,Tennessee,0.4322067132305004
Auburn,Texas Tech,0.37416331332629793
Auburn,UC Irvine,0.7272359916094382
Auburn,UCF,0.7211836032968649
Auburn,Utah St,0.6761753880434291
Auburn,VA Commonwealth,0.6267564339632643
Auburn,Vermont,0.7368958763248012
Auburn,Villanova,0.41253100845426816
Auburn,Virginia,0.27091749180580493
Auburn,Virginia Tech,0.5218286650052409
Auburn,Washington,0.6672971178930862
Auburn,Wisconsin,0.592098193915146
Auburn,Wofford,0.6996351120494058
Auburn,Yale,0.8446044723632347
Baylor,Belmont,0.5977643835802564
Baylor,Bradley,0.8127330324666069
Baylor,Buffalo,0.4995366885386213
Baylor,Cincinnati,0.31990536839920025
Baylor,Colgate,0.7767329004813821
Baylor,Duke,0.2034660576671662
Baylor,F Dickinson,0.8680763999589021
Baylor,Florida,0.532238608274086
Baylor,Florida St,0.3099795469593507
Baylor,Gardner Webb,0.8663592039636178
Baylor,Georgia St,0.7650541516289471
Baylor,Gonzaga,0.19690092413728366
Baylor,Houston,0.30465815630715154
Baylor,Iona,0.8315036907407318
Baylor,Iowa,0.6372481335723374
Baylor,Iowa St,0.39978391876339125
Baylor,Kansas,0.3799779337212045
Baylor,Kansas St,0.3358054702899963
Baylor,Kentucky,0.2997089602630364
Baylor,Liberty,0.8125928083439286
Baylor,Louisville,0.5141266359141619
Baylor,LSU,0.3678644171093225
Baylor,Marquette,0.444550809794212
Baylor,Maryland,0.5430777909024675
Baylor,Michigan,0.3067424780375274
Baylor,Michigan St,0.2853711985434063
Baylor,Minnesota,0.6571910580666072
Baylor,Mississippi,0.6658586799291644
Baylor,Mississippi St,0.4355106921726115
Baylor,Montana,0.7457538932371892
Baylor,Murray St,0.6434830217219417
Baylor,N Dakota St,0.8655691065333677
Baylor,N Kentucky,0.7678489550458916
Baylor,NC Central,0.8892438855924608
Baylor,Nevada,0.37942143654695815
Baylor,New Mexico St,0.4986483464694661
Baylor,North Carolina,0.20904161744185557
Baylor,Northeastern,0.6582704224548257
Baylor,Ohio St,0.606599502167861
Baylor,Oklahoma,0.6014991706836088
Baylor,Old Dominion,0.7078782014472604
Baylor,Oregon,0.4555125321604313
Baylor,Prairie View,0.8612602488378507
Baylor,Purdue,0.3296979729315809
Baylor,Seton Hall,0.47650122385929705
Baylor,St John's,0.6594344143076749
Baylor,St Louis,0.666837767220694
Baylor,St Mary's CA,0.6038109554087195
Baylor,Syracuse,0.5648877379573034
Baylor,Temple,0.5728463145532634
Baylor,Tennessee,0.3128705598177166
Baylor,Texas Tech,0.2722160970543097
Baylor,UC Irvine,0.6310830214470686
Baylor,UCF,0.5670810867927748
Baylor,Utah St,0.55043611438732
Baylor,VA Commonwealth,0.5003047963993817
Baylor,Vermont,0.631162898617319
Baylor,Villanova,0.285710180494402
Baylor,Virginia,0.1793490590372211
Baylor,Virginia Tech,0.37611459140235504
Baylor,Washington,0.5047919665602161
Baylor,Wisconsin,0.4341450861380649
Baylor,Wofford,0.5972930138156127
Baylor,Yale,0.7672273396698972
Belmont,Bradley,0.7696857842553024
Belmont,Buffalo,0.3562991638958921
Belmont,Cincinnati,0.29913132062183867
Belmont,Colgate,0.7043164457684553
Belmont,Duke,0.15826547122469592
Belmont,F Dickinson,0.8033919934249432
Belmont,Florida,0.4431218344257505
Belmont,Florida St,0.2752221277546344
Belmont,Gardner Webb,0.8460423159461379
Belmont,Georgia St,0.7306292654093872
Belmont,Gonzaga,0.1829588010179335
Belmont,Houston,0.23872472009659118
Belmont,Iona,0.8030760404259287
Belmont,Iowa,0.5413583001211177
Belmont,Iowa St,0.34421277392493366
Belmont,Kansas,0.3904612113041819
Belmont,Kansas St,0.28206997890968555
Belmont,Kentucky,0.2405178885323731
Belmont,Liberty,0.7265214696483091
Belmont,Louisville,0.44188188745613366
Belmont,LSU,0.3086346149328173
Belmont,Marquette,0.34436939365026054
Belmont,Maryland,0.4471142653414881
Belmont,Michigan,0.27605764119827214
Belmont,Michigan St,0.22163268811540837
Belmont,Minnesota,0.5472015673700616
Belmont,Mississippi,0.5763774129003909
Belmont,Mississippi St,0.33162929121482154
Belmont,Montana,0.6531478033437164
Belmont,Murray St,0.5056586382347794
Belmont,N Dakota St,0.8492444906635528
Belmont,N Kentucky,0.6823722763438851
Belmont,NC Central,0.8560715270224137
Belmont,Nevada,0.2773957765447189
Belmont,New Mexico St,0.35346402448437797
Belmont,North Carolina,0.1628885665657197
Belmont,Northeastern,0.5208556921373051
Belmont,Ohio St,0.51698409373911
Belmont,Oklahoma,0.520350787265992
Belmont,Old Dominion,0.6379201061175388
Belmont,Oregon,0.3397128724355388
Belmont,Prairie View,0.8013882533412969
Belmont,Purdue,0.2558567001354022
Belmont,Seton Hall,0.41808342424090295
Belmont,St John's,0.5809771384302105
Belmont,St Louis,0.6002938811478529
Belmont,St Mary's CA,0.4411917457786324
Belmont,Syracuse,0.4574542524721571
Belmont,Temple,0.4886080578032834
Belmont,Tennessee,0.2529095428368332
Belmont,Texas Tech,0.22789594144764813
Belmont,UC Irvine,0.48665596662671706
Belmont,UCF,0.48413167667049084
Belmont,Utah St,0.37955971984181747
Belmont,VA Commonwealth,0.37049172628530525
Belmont,Vermont,0.5107650786187912
Belmont,Villanova,0.2541290119559215
Belmont,Virginia,0.1360053856962502
Belmont,Virginia Tech,0.3289643451366244
Belmont,Washington,0.4212500459545696
Belmont,Wisconsin,0.3635372104171103
Belmont,Wofford,0.4711031890271551
Belmont,Yale,0.6712926462248052
Bradley,Buffalo,0.20640565426738822
Bradley,Cincinnati,0.17170047853838744
Bradley,Colgate,0.48859947403489745
Bradley,Duke,0.09184950450923923
Bradley,F Dickinson,0.6407329975479519
Bradley,Florida,0.271377983396084
Bradley,Florida St,0.14726482207562586
Bradley,Gardner Webb,0.710379709911394
Bradley,Georgia St,0.5058934907581072
Bradley,Gonzaga,0.08762813854868434
Bradley,Houston,0.13104430876135442
Bradley,Iona,0.6373558005546797
Bradley,Iowa,0.33746545375873027
Bradley,Iowa St,0.20398101265408486
Bradley,Kansas,0.22827690771206044
Bradley,Kansas St,0.15533478546631618
Bradley,Kentucky,0.1346117168178097
Bradley,Liberty,0.5148994881320524
Bradley,Louisville,0.27900520102191606
Bradley,LSU,0.17894228321422012
Bradley,Marquette,0.2079216938415207
Bradley,Maryland,0.2832878706154208
Bradley,Michigan,0.1492193980359724
Bradley,Michigan St,0.12222430113932958
Bradley,Minnesota,0.3509937990356493
Bradley,Mississippi,0.36730266156425895
Bradley,Mississippi St,0.1928811636571458
Bradley,Montana,0.4391951965304228
Bradley,Murray St,0.28410936568352685
Bradley,N Dakota St,0.7206476215315676
Bradley,N Kentucky,0.47567119225519494
Bradley,NC Central,0.7440639510856919
Bradley,Nevada,0.1510429434162912
Bradley,New Mexico St,0.19122709202462196
Bradley,North Carolina,0.09831461787015627
Bradley,Northeastern,0.2951730950097874
Bradley,Ohio St,0.3351760559177204
Bradley,Oklahoma,0.3375964010542397
Bradley,Old Dominion,0.41154810571733536
Bradley,Oregon,0.1917076637599051
Bradley,Prairie View,0.6583276412592083
Bradley,Purdue,0.14107670613958734
Bradley,Seton Hall,0.24911487376271746
Bradley,St John's,0.3746933955874745
Bradley,St Louis,0.3613217436859488
Bradley,St Mary's CA,0.25901446446863075
Bradley,Syracuse,0.2802366671181482
Bradley,Temple,0.28960538237368727
Bradley,Tennessee,0.1432113183618242
Bradley,Texas Tech,0.12357639792594877
Bradley,UC Irvine,0.273819705233294
Bradley,UCF,0.30472812718839015
Bradley,Utah St,0.21656339983805895
Bradley,VA Commonwealth,0.1904030193698013
Bradley,Vermont,0.28211289862032274
Bradley,Villanova,0.14719471029639075
Bradley,Virginia,0.07993585681959892
Bradley,Virginia Tech,0.18663674173421108
Bradley,Washington,0.2553131842181309
Bradley,Wisconsin,0.22056684743789434
Bradley,Wofford,0.25109361730757085
Bradley,Yale,0.44569402825300153
Buffalo,Cincinnati,0.3946605399245856
Buffalo,Colgate,0.7999486695753215
Buffalo,Duke,0.2414668732078482
Buffalo,F Dickinson,0.87407000135127
Buffalo,Florida,0.5997398663888971
Buffalo,Florida St,0.3597665306085799
Buffalo,Gardner Webb,0.8880962730251378
Buffalo,Georgia St,0.8140855807184997
Buffalo,Gonzaga,0.228752067936433
Buffalo,Houston,0.33746199275425237
Buffalo,Iona,0.8755401199910251
Buffalo,Iowa,0.6725382522576521
Buffalo,Iowa St,0.45860177101407473
Buffalo,Kansas,0.46624672407291545
Buffalo,Kansas St,0.3795110806755041
Buffalo,Kentucky,0.33627197681389986
Buffalo,Liberty,0.8248359722707579
Buffalo,Louisville,0.5784728493201676
Buffalo,LSU,0.43512997054949876
Buffalo,Marquette,0.48822431245860576
Buffalo,Maryland,0.5836312916525388
Buffalo,Michigan,0.3535768699015911
Buffalo,Michigan St,0.3133179761287128
Buffalo,Minnesota,0.6842917993116389
Buffalo,Mississippi,0.7007976215461231
Buffalo,Mississippi St,0.4847657070602551
Buffalo,Montana,0.7754158170805998
Buffalo,Murray St,0.674325147763172
Buffalo,N Dakota St,0.8930399070124826
Buffalo,N Kentucky,0.7928362536463969
Buffalo,NC Central,0.9148474405712324
Buffalo,Nevada,0.398834225801282
Buffalo,New Mexico St,0.5323932811607486
Buffalo,North Carolina,0.2514103984817314
Buffalo,Northeastern,0.6917863302042874
Buffalo,Ohio St,0.6397753817354499
Buffalo,Oklahoma,0.6454422422864089
Buffalo,Old Dominion,0.7688139432751611
Buffalo,Oregon,0.49156425491455735
Buffalo,Prairie View,0.8749657291624923
Buffalo,Purdue,0.3682656494521107
Buffalo,Seton Hall,0.5203801140397897
Buffalo,St John's,0.7021516935811025
Buffalo,St Louis,0.7437826144241858
Buffalo,St Mary's CA,0.6261080265426591
Buffalo,Syracuse,0.6128716328401039
Buffalo,Temple,0.6299419433804196
Buffalo,Tennessee,0.34620858964676804
Buffalo,Texas Tech,0.3052279564445738
Buffalo,UC Irvine,0.6673068515713514
Buffalo,UCF,0.6328697191825675
Buffalo,Utah St,0.5661226008040547
Buffalo,VA Commonwealth,0.529431070227814
Buffalo,Vermont,0.6766629549981109
Buffalo,Villanova,0.34421721402941075
Buffalo,Virginia,0.2124927947206513
Buffalo,Virginia Tech,0.45578665431187004
Buffalo,Washington,0.5774589506737264
Buffalo,Wisconsin,0.5125669939558919
Buffalo,Wofford,0.6350960774391539
Buffalo,Yale,0.7880716693507481
Cincinnati,Colgate,0.825603100048545
Cincinnati,Duke,0.3385803346410672
Cincinnati,F Dickinson,0.8867020799200954
Cincinnati,Florida,0.6641109212705396
Cincinnati,Florida St,0.4458930477666164
Cincinnati,Gardner Webb,0.8902088889201996
Cincinnati,Georgia St,0.8344395137512073
Cincinnati,Gonzaga,0.31665159762095185
Cincinnati,Houston,0.4463168517033984
Cincinnati,Iona,0.8826377351945489
Cincinnati,Iowa,0.7547922866576597
Cincinnati,Iowa St,0.5941685750964866
Cincinnati,Kansas,0.5373169501582593
Cincinnati,Kansas St,0.4950556542494088
Cincinnati,Kentucky,0.4405243286750917
Cincinnati,Liberty,0.8596633449716352
Cincinnati,Louisville,0.6857064565826497
Cincinnati,LSU,0.5460993826219085
Cincinnati,Marquette,0.6169622960115151
Cincinnati,Maryland,0.710151331433188
Cincinnati,Michigan,0.45803752910774276
Cincinnati,Michigan St,0.4235242045919425
Cincinnati,Minnesota,0.7658429189752366
Cincinnati,Mississippi,0.7621426984754042
Cincinnati,Mississippi St,0.5975491589166975
Cincinnati,Montana,0.8093976346095315
Cincinnati,Murray St,0.7285832969591466
Cincinnati,N Dakota St,0.9010616106278316
Cincinnati,N Kentucky,0.8310570999045134
Cincinnati,NC Central,0.9133123434607423
Cincinnati,Nevada,0.5502886626830161
Cincinnati,New Mexico St,0.6261162245971492
Cincinnati,North Carolina,0.34624895082103035
Cincinnati,Northeastern,0.7381116341157035
Cincinnati,Ohio St,0.726159425282108
Cincinnati,Oklahoma,0.7239719582668815
Cincinnati,Old Dominion,0.781477172661728
Cincinnati,Oregon,0.6134968531334579
Cincinnati,Prairie View,0.8845994555295419
Cincinnati,Purdue,0.4817639141128869
Cincinnati,Seton Hall,0.6547281367957372
Cincinnati,St John's,0.7657750465769548
Cincinnati,St Louis,0.749033305333925
Cincinnati,St Mary's CA,0.7195775996948627
Cincinnati,Syracuse,0.6928670818428377
Cincinnati,Temple,0.7102118226734053
Cincinnati,Tennessee,0.4558444893246463
Cincinnati,Texas Tech,0.4101886634323808
Cincinnati,UC Irvine,0.7123600164497975
Cincinnati,UCF,0.6947638962126079
Cincinnati,Utah St,0.6674125817647845
Cincinnati,VA Commonwealth,0.6276659916093178
Cincinnati,Vermont,0.7179148094900991
Cincinnati,Villanova,0.4444147553045994
Cincinnati,Virginia,0.29889917422665735
Cincinnati,Virginia Tech,0.5548383465386278
Cincinnati,Washington,0.6391560578096522
Cincinnati,Wisconsin,0.6005928191469581
Cincinnati,Wofford,0.6822663290366269
Cincinnati,Yale,0.8267445801089446
Colgate,Duke,0.1045510409988365
Colgate,F Dickinson,0.6785667619264588
Colgate,Florida,0.3215134598737719
Colgate,Florida St,0.1737503507115572
Colgate,Gardner Webb,0.7462908258806737
Colgate,Georgia St,0.5087845706308699
Colgate,Gonzaga,0.10100673046745035
Colgate,Houston,0.16182641907007977
Colgate,Iona,0.6597095917774143
Colgate,Iowa,0.3986109510447383
Colgate,Iowa St,0.2527769334190524
Colgate,Kansas,0.2736440227674044
Colgate,Kansas St,0.18001132367284256
Colgate,Kentucky,0.16721307067941515
Colgate,Liberty,0.5251436506290013
Colgate,Louisville,0.3431603768579866
Colgate,LSU,0.22545657406574315
Colgate,Marquette,0.2759061242942209
Colgate,Maryland,0.3503551454600031
Colgate,Michigan,0.18036784048822863
Colgate,Michigan St,0.15552109580659812
Colgate,Minnesota,0.4382132948233872
Colgate,Mississippi,0.4157048011774389
Colgate,Mississippi St,0.2411368524961487
Colgate,Montana,0.41299643046067747
Colgate,Murray St,0.3094145005126424
Colgate,N Dakota St,0.7641199665362997
Colgate,N Kentucky,0.4617460193392311
Colgate,NC Central,0.7831297154391842
Colgate,Nevada,0.17877331380778183
Colgate,New Mexico St,0.22042512215571186
Colgate,North Carolina,0.11168085502090219
Colgate,Northeastern,0.33485034986819606
Colgate,Ohio St,0.3875293824340691
Colgate,Oklahoma,0.4033999824208814
Colgate,Old Dominion,0.45471645400187355
Colgate,Oregon,0.22065213475798562
Colgate,Prairie View,0.6739790610951617
Colgate,Purdue,0.16996243157914614
Colgate,Seton Hall,0.29033447665523093
Colgate,St John's,0.43502081962563577
Colgate,St Louis,0.415617948696546
Colgate,St Mary's CA,0.32306875089314024
Colgate,Syracuse,0.3293860027990968
Colgate,Temple,0.3442083060982706
Colgate,Tennessee,0.18917098887472772
Colgate,Texas Tech,0.14259227804535035
Colgate,UC Irvine,0.3076481020342662
Colgate,UCF,0.3594246180801657
Colgate,Utah St,0.27266641447496964
Colgate,VA Commonwealth,0.21036574097198357
Colgate,Vermont,0.2894387449123905
Colgate,Villanova,0.19447014501734616
Colgate,Virginia,0.09747691278476522
Colgate,Virginia Tech,0.22458527422427954
Colgate,Washington,0.2977549061939937
Colgate,Wisconsin,0.28689458590499617
Colgate,Wofford,0.2674103667769635
Colgate,Yale,0.4590286821912293
Duke,F Dickinson,0.9389960448830154
Duke,Florida,0.8268080579594761
Duke,Florida St,0.6508931496076931
Duke,Gardner Webb,0.9431139163466231
Duke,Georgia St,0.9176385418980835
Duke,Gonzaga,0.46299303165953565
Duke,Houston,0.6423653040735273
Duke,Iona,0.939790532894855
Duke,Iowa,0.8663709710938138
Duke,Iowa St,0.7784807813789082
Duke,Kansas,0.7438356927867005
Duke,Kansas St,0.6955205694952058
Duke,Kentucky,0.6568808906083927
Duke,Liberty,0.9186713758148854
Duke,Louisville,0.83936039157854
Duke,LSU,0.7524740600555889
Duke,Marquette,0.8026031562613889
Duke,Maryland,0.8435971796758018
Duke,Michigan,0.6503900267159953
Duke,Michigan St,0.6091454175106266
Duke,Minnesota,0.8654402594522898
Duke,Mississippi,0.866813146334141
Duke,Mississippi St,0.7889198591388553
Duke,Montana,0.897383009185239
Duke,Murray St,0.8418531665035591
Duke,N Dakota St,0.9510226161546058
Duke,N Kentucky,0.9131885588716875
Duke,NC Central,0.9562182418971342
Duke,Nevada,0.7234728319948358
Duke,New Mexico St,0.7526947490597955
Duke,North Carolina,0.5004975353799719
Duke,Northeastern,0.8373560182446255
Duke,Ohio St,0.8395324487259657
Duke,Oklahoma,0.8492799615290683
Duke,Old Dominion,0.8887688356819813
Duke,Oregon,0.784298189862695
Duke,Prairie View,0.934379767267334
Duke,Purdue,0.6763694091407939
Duke,Seton Hall,0.8010522188706706
Duke,St John's,0.8672921738377557
Duke,St Louis,0.8731135636867449
Duke,St Mary's CA,0.8589299454891185
Duke,Syracuse,0.8328676210592681
Duke,Temple,0.8389768762059766
Duke,Tennessee,0.6825506148966312
Duke,Texas Tech,0.6155324905673429
Duke,UC Irvine,0.8165802562756403
Duke,UCF,0.8338012088810043
Duke,Utah St,0.8137907179647919
Duke,VA Commonwealth,0.7660415863360686
Duke,Vermont,0.838076359107835
Duke,Villanova,0.6607061042832456
Duke,Virginia,0.44466533961906096
Duke,Virginia Tech,0.752123348494306
Duke,Washington,0.8113858187156663
Duke,Wisconsin,0.785845593324771
Duke,Wofford,0.7882914806342157
Duke,Yale,0.9130424705061213
F Dickinson,Florida,0.17907983756846346
F Dickinson,Florida St,0.09365901424905132
F Dickinson,Gardner Webb,0.5501608577495376
F Dickinson,Georgia St,0.3045417268133179
F Dickinson,Gonzaga,0.054651277474482174
F Dickinson,Houston,0.09176516804937951
F Dickinson,Iona,0.42190057090060185
F Dickinson,Iowa,0.20111965539169052
F Dickinson,Iowa St,0.13381099847614875
F Dickinson,Kansas,0.14680568815493755
F Dickinson,Kansas St,0.09673012001656567
F Dickinson,Kentucky,0.08868010074377297
F Dickinson,Liberty,0.33506193487234814
F Dickinson,Louisville,0.19640016945454497
F Dickinson,LSU,0.12320399927228098
F Dickinson,Marquette,0.15955293967614004
F Dickinson,Maryland,0.18563955726652992
F Dickinson,Michigan,0.09758640227936721
F Dickinson,Michigan St,0.08286559705165986
F Dickinson,Minnesota,0.2295969884417033
F Dickinson,Mississippi,0.2127403175494209
F Dickinson,Mississippi St,0.13418686804001423
F Dickinson,Montana,0.24247539713918076
F Dickinson,Murray St,0.18847965629693653
F Dickinson,N Dakota St,0.5629679059339117
F Dickinson,N Kentucky,0.2807227525170666
F Dickinson,NC Central,0.6407188388819518
F Dickinson,Nevada,0.10213029015731467
F Dickinson,New Mexico St,0.12449207349504143
F Dickinson,North Carolina,0.05818598846050005
F Dickinson,Northeastern,0.2069531709150495
F Dickinson,Ohio St,0.19411657941902827
F Dickinson,Oklahoma,0.20915407927859275
F Dickinson,Old Dominion,0.282137691762407
F Dickinson,Oregon,0.12049559205277682
F Dickinson,Prairie View,0.5066069971799882
F Dickinson,Purdue,0.09142395972605699
F Dickinson,Seton Hall,0.14761727381404943
F Dickinson,St John's,0.23550449210602353
F Dickinson,St Louis,0.2518354595904596
F Dickinson,St Mary's CA,0.17703335639108297
F Dickinson,Syracuse,0.1748583563932269
F Dickinson,Temple,0.19231930233345063
F Dickinson,Tennessee,0.10284215541089226
F Dickinson,Texas Tech,0.07503855699839179
F Dickinson,UC Irvine,0.19697786463135958
F Dickinson,UCF,0.20044416154237488
F Dickinson,Utah St,0.15289402488662962
F Dickinson,VA Commonwealth,0.11823951119352238
F Dickinson,Vermont,0.17836002986411148
F Dickinson,Villanova,0.10716876100329109
F Dickinson,Virginia,0.052722697987741984
F Dickinson,Virginia Tech,0.12459479955187003
F Dickinson,Washington,0.1669505640092498
F Dickinson,Wisconsin,0.16839687929906832
F Dickinson,Wofford,0.16284806145855635
F Dickinson,Yale,0.27543591230914255
Florida,Florida St,0.2757377066701936
Florida,Gardner Webb,0.8494122383967647
Florida,Georgia St,0.7411578532977192
Florida,Gonzaga,0.17082989566209628
Florida,Houston,0.2599369814542698
Florida,Iona,0.8157166650402241
Florida,Iowa,0.6115075764656388
Florida,Iowa St,0.37745158796160916
Florida,Kansas,0.3622622555863334
Florida,Kansas St,0.2971179689765078
Florida,Kentucky,0.25544739086286417
Florida,Liberty,0.7750526690533898
Florida,Louisville,0.5036594099872131
Florida,LSU,0.3375872093477785
Florida,Marquette,0.4190380438934941
Florida,Maryland,0.5326123364476615
Florida,Michigan,0.27053291572696847
Florida,Michigan St,0.247060506213581
Florida,Minnesota,0.6405215408101623
Florida,Mississippi,0.6480816629105133
Florida,Mississippi St,0.4067634253181043
Florida,Montana,0.7023480469201535
Florida,Murray St,0.5937328414718877
Florida,N Dakota St,0.8498902610772275
Florida,N Kentucky,0.7334181912050957
Florida,NC Central,0.8799539444828998
Florida,Nevada,0.32891696692896477
Florida,New Mexico St,0.4563958335607088
Florida,North Carolina,0.1892103640526699
Florida,Northeastern,0.6086389232671889
Florida,Ohio St,0.586403901089219
Florida,Oklahoma,0.5864216275648741
Florida,Old Dominion,0.6939595168950831
Florida,Oregon,0.4115740819658029
Florida,Prairie View,0.8354814426580531
Florida,Purdue,0.28828881665697137
Florida,Seton Hall,0.4602320300316657
Florida,St John's,0.6537400965365345
Florida,St Louis,0.640229258605683
Florida,St Mary's CA,0.5526252763926065
Florida,Syracuse,0.5466622664908889
Florida,Temple,0.5508309419533598
Florida,Tennessee,0.26959783244867574
Florida,Texas Tech,0.23255890674430135
Florida,UC Irvine,0.5782961734979382
Florida,UCF,0.5509742094209109
Florida,Utah St,0.498125534224798
Florida,VA Commonwealth,0.4483161507377905
Florida,Vermont,0.584931437704813
Florida,Villanova,0.26489571919465893
Florida,Virginia,0.15666188713054208
Florida,Virginia Tech,0.3495067205432717
Florida,Washington,0.49130160001030065
Florida,Wisconsin,0.42057965466848213
Florida,Wofford,0.5459370322389345
Florida,Yale,0.7261412672881572
Florida St,Gardner Webb,0.911927314861825
Florida St,Georgia St,0.8670312093995352
Florida St,Gonzaga,0.3574663096979016
Florida St,Houston,0.5042195368786474
Florida St,Iona,0.9060677069289962
Florida St,Iowa,0.7855707175224093
Florida St,Iowa St,0.6452655747096935
Florida St,Kansas,0.611032175733021
Florida St,Kansas St,0.5564855263220012
Florida St,Kentucky,0.5009695598188071
Florida St,Liberty,0.8783799852461102
Florida St,Louisville,0.7463201249158107
Florida St,LSU,0.6131343087343909
Florida St,Marquette,0.691765332960384
Florida St,Maryland,0.7522866068860834
Florida St,Michigan,0.49821356973375464
Florida St,Michigan St,0.4837726381819142
Florida St,Minnesota,0.7907922159286164
Florida St,Mississippi,0.7886247827800982
Florida St,Mississippi St,0.6663317712891643
Florida St,Montana,0.8374193797655244
Florida St,Murray St,0.755181845803075
Florida St,N Dakota St,0.9244902583101587
Florida St,N Kentucky,0.8652696491345848
Florida St,NC Central,0.9307505901172191
Florida St,Nevada,0.5983153944268612
Florida St,New Mexico St,0.6748212591069707
Florida St,North Carolina,0.3781148609879845
Florida St,Northeastern,0.7700267949030877
Florida St,Ohio St,0.7533747971825611
Florida St,Oklahoma,0.7532893091679034
Florida St,Old Dominion,0.8297458849852684
Florida St,Oregon,0.6622075469644835
Florida St,Prairie View,0.894085945107187
Florida St,Purdue,0.5280831993973603
Florida St,Seton Hall,0.6875829732658749
Florida St,St John's,0.7851384049150776
Florida St,St Louis,0.7911500895735941
Florida St,St Mary's CA,0.7773674754307206
Florida St,Syracuse,0.7204297909692337
Florida St,Temple,0.7525237675153542
Florida St,Tennessee,0.5294976973935561
Florida St,Texas Tech,0.4597360239730435
Florida St,UC Irvine,0.7565850532808963
Florida St,UCF,0.7440236759022911
Florida St,Utah St,0.7159297976435068
Florida St,VA Commonwealth,0.6631510086909365
Florida St,Vermont,0.7567833914977654
Florida St,Villanova,0.5146537714733244
Florida St,Virginia,0.333493296399041
Florida St,Virginia Tech,0.620723066888644
Florida St,Washington,0.6941110201482223
Florida St,Wisconsin,0.6708685675351531
Florida St,Wofford,0.7255124573715646
Florida St,Yale,0.8616395583732227
Gardner Webb,Georgia St,0.25471155570615855
Gardner Webb,Gonzaga,0.0497350457526049
Gardner Webb,Houston,0.07295644093538511
Gardner Webb,Iona,0.34457353521355616
Gardner Webb,Iowa,0.2071668191325301
Gardner Webb,Iowa St,0.12159687364331107
Gardner Webb,Kansas,0.13436949838161893
Gardner Webb,Kansas St,0.08801181637526656
Gardner Webb,Kentucky,0.07636720303821798
Gardner Webb,Liberty,0.2855454608053438
Gardner Webb,Louisville,0.16799433054646273
Gardner Webb,LSU,0.0989644822945025
Gardner Webb,Marquette,0.12258852461942993
Gardner Webb,Maryland,0.17148429682047361
Gardner Webb,Michigan,0.08590270189808202
Gardner Webb,Michigan St,0.06862991089617632
Gardner Webb,Minnesota,0.2190556076599437
Gardner Webb,Mississippi,0.23294101359048702
Gardner Webb,Mississippi St,0.11295059053801071
Gardner Webb,Montana,0.20158864403868249
Gardner Webb,Murray St,0.15354327196799178
Gardner Webb,N Dakota St,0.47214316114919075
Gardner Webb,N Kentucky,0.2250604905225615
Gardner Webb,NC Central,0.5404221221273909
Gardner Webb,Nevada,0.08539203379686655
Gardner Webb,New Mexico St,0.10389701808039764
Gardner Webb,North Carolina,0.05313112646176221
Gardner Webb,Northeastern,0.1642781899832899
Gardner Webb,Ohio St,0.2029517226115225
Gardner Webb,Oklahoma,0.21409983334340943
Gardner Webb,Old Dominion,0.2361068300951401
Gardner Webb,Oregon,0.110686251513058
Gardner Webb,Prairie View,0.4410396117233464
Gardner Webb,Purdue,0.07935272787316772
Gardner Webb,Seton Hall,0.1506748347556789
Gardner Webb,St John's,0.24072852252719512
Gardner Webb,St Louis,0.19963484470827542
Gardner Webb,St Mary's CA,0.1519146749262008
Gardner Webb,Syracuse,0.1739770638724929
Gardner Webb,Temple,0.17525272254604352
Gardner Webb,Tennessee,0.08032569504215503
Gardner Webb,Texas Tech,0.06889501205966553
Gardner Webb,UC Irvine,0.14935549619156352
Gardner Webb,UCF,0.1836705624269407
Gardner Webb,Utah St,0.12368905600955526
Gardner Webb,VA Commonwealth,0.10772575014186758
Gardner Webb,Vermont,0.14869540254228253
Gardner Webb,Villanova,0.08413711207492203
Gardner Webb,Virginia,0.044783105421058345
Gardner Webb,Virginia Tech,0.10747349576583876
Gardner Webb,Washington,0.1533815406786474
Gardner Webb,Wisconsin,0.13020829582563564
Gardner Webb,Wofford,0.12750963622012124
Gardner Webb,Yale,0.20812006676265393
Georgia St,Gonzaga,0.09273562855150952
Georgia St,Houston,0.13389634746536738
Georgia St,Iona,0.6715184907048795
Georgia St,Iowa,0.3720969575450126
Georgia St,Iowa St,0.2124627490303881
Georgia St,Kansas,0.2314748230528213
Georgia St,Kansas St,0.14856335228383633
Georgia St,Kentucky,0.1415878428296783
Georgia St,Liberty,0.5401360393523905
Georgia St,Louisville,0.2802727620384641
Georgia St,LSU,0.1805244168980532
Georgia St,Marquette,0.22119303790526923
Georgia St,Maryland,0.306498729220814
Georgia St,Michigan,0.14373304855511515
Georgia St,Michigan St,0.1292159313834732
Georgia St,Minnesota,0.37386801534652847
Georgia St,Mississippi,0.3944298843040005
Georgia St,Mississippi St,0.20198112091195108
Georgia St,Montana,0.4557315264842243
Georgia St,Murray St,0.2898731440682961
Georgia St,N Dakota St,0.747299046587742
Georgia St,N Kentucky,0.4765617775537123
Georgia St,NC Central,0.7648260914938796
Georgia St,Nevada,0.15642041401987428
Georgia St,New Mexico St,0.19916390407020557
Georgia St,North Carolina,0.09195083697235007
Georgia St,Northeastern,0.30770586522992227
Georgia St,Ohio St,0.350239349150142
Georgia St,Oklahoma,0.35996352139631616
Georgia St,Old Dominion,0.4092626540323552
Georgia St,Oregon,0.19277281513914668
Georgia St,Prairie View,0.6880115097316235
Georgia St,Purdue,0.13922297954037433
Georgia St,Seton Hall,0.26377190469330536
Georgia St,St John's,0.4051111933807062
Georgia St,St Louis,0.3656674692435923
Georgia St,St Mary's CA,0.2705138943506782
Georgia St,Syracuse,0.31157640117177987
Georgia St,Temple,0.28369183974575063
Georgia St,Tennessee,0.15066246386625293
Georgia St,Texas Tech,0.1260201148753649
Georgia St,UC Irvine,0.28569862294064685
Georgia St,UCF,0.30302242786461986
Georgia St,Utah St,0.2294435416933749
Georgia St,VA Commonwealth,0.1928433572971543
Georgia St,Vermont,0.29676601213176
Georgia St,Villanova,0.14704111387352659
Georgia St,Virginia,0.08210963629926238
Georgia St,Virginia Tech,0.18532549811142995
Georgia St,Washington,0.26219051195551013
Georgia St,Wisconsin,0.22421528901581111
Georgia St,Wofford,0.25894663722180267
Georgia St,Yale,0.4639677733312395
Gonzaga,Houston,0.6314797931783305
Gonzaga,Iona,0.9376260768396951
Gonzaga,Iowa,0.849916331147339
Gonzaga,Iowa St,0.733223567929299
Gonzaga,Kansas,0.7091219219660003
Gonzaga,Kansas St,0.6542169632565602
Gonzaga,Kentucky,0.6249704817880348
Gonzaga,Liberty,0.9158440979662589
Gonzaga,Louisville,0.811797565098531
Gonzaga,LSU,0.7045790377973455
Gonzaga,Marquette,0.7629242996821157
Gonzaga,Maryland,0.8166024713124462
Gonzaga,Michigan,0.6294158629919078
Gonzaga,Michigan St,0.6033757514941156
Gonzaga,Minnesota,0.8471419624901626
Gonzaga,Mississippi,0.8504228945615595
Gonzaga,Mississippi St,0.7476623295285316
Gonzaga,Montana,0.8972955553843198
Gonzaga,Murray St,0.8360694892546754
Gonzaga,N Dakota St,0.9468927673834601
Gonzaga,N Kentucky,0.9052625022279887
Gonzaga,NC Central,0.9531647693305609
Gonzaga,Nevada,0.7173886928127196
Gonzaga,New Mexico St,0.7839204409873655
Gonzaga,North Carolina,0.4642864433752866
Gonzaga,Northeastern,0.8489375508492552
Gonzaga,Ohio St,0.8229261722566104
Gonzaga,Oklahoma,0.8213162230780813
Gonzaga,Old Dominion,0.8772323902710498
Gonzaga,Oregon,0.7618076175215157
Gonzaga,Prairie View,0.9326763108681396
Gonzaga,Purdue,0.6491437030055462
Gonzaga,Seton Hall,0.7690156205161763
Gonzaga,St John's,0.8451776174673891
Gonzaga,St Louis,0.8591488197514443
Gonzaga,St Mary's CA,0.8415305845285818
Gonzaga,Syracuse,0.7995137860201404
Gonzaga,Temple,0.8198728857100347
Gonzaga,Tennessee,0.6270474425316408
Gonzaga,Texas Tech,0.5863190705761148
Gonzaga,UC Irvine,0.8396652144985806
Gonzaga,UCF,0.8168506117694214
Gonzaga,Utah St,0.8046766758670563
Gonzaga,VA Commonwealth,0.7803969980572205
Gonzaga,Vermont,0.8447195468234775
Gonzaga,Villanova,0.6032501096386507
Gonzaga,Virginia,0.42465214309067545
Gonzaga,Virginia Tech,0.7153556983899231
Gonzaga,Washington,0.7749035997145248
Gonzaga,Wisconsin,0.749278395973509
Gonzaga,Wofford,0.8183289669555396
Gonzaga,Yale,0.9039340945372731
Houston,Iona,0.9153984232463923
Houston,Iowa,0.8075188479894708
Houston,Iowa St,0.6688218486555082
Houston,Kansas,0.6472580604149307
Houston,Kansas St,0.5886423445247472
Houston,Kentucky,0.5389591188568857
Houston,Liberty,0.8916523152886267
Houston,Louisville,0.7678077159333967
Houston,LSU,0.6296318616840483
Houston,Marquette,0.6950661589648496
Houston,Maryland,0.7716030729871576
Houston,Michigan,0.5700239492850967
Houston,Michigan St,0.5156545716183412
Houston,Minnesota,0.8140290668781399
Houston,Mississippi,0.8176948915675445
Houston,Mississippi St,0.6831211166558053
Houston,Montana,0.8630350064934875
Houston,Murray St,0.7900799608079149
Houston,N Dakota St,0.9296250792784471
Houston,N Kentucky,0.874253428946077
Houston,NC Central,0.9337677903949305
Houston,Nevada,0.6306680053649555
Houston,New Mexico St,0.6891741995211923
Houston,North Carolina,0.4229452981475792
Houston,Northeastern,0.8032097976928496
Houston,Ohio St,0.7868316283029003
Houston,Oklahoma,0.7853819411089733
Houston,Old Dominion,0.8456286663039283
Houston,Oregon,0.7006174673900067
Houston,Prairie View,0.9148313238181973
Houston,Purdue,0.5769990961756453
Houston,Seton Hall,0.7263600544006712
Houston,St John's,0.8198475427544991
Houston,St Louis,0.8219579211298217
Houston,St Mary's CA,0.7866419009056258
Houston,Syracuse,0.7594930624246943
Houston,Temple,0.778820802750773
Houston,Tennessee,0.552689807746745
Houston,Texas Tech,0.509151437348251
Houston,UC Irvine,0.7729316777531434
Houston,UCF,0.7779288511640619
Houston,Utah St,0.7437370385388
Houston,VA Commonwealth,0.7015461876297474
Houston,Vermont,0.7756446725464852
Houston,Villanova,0.5281121009005989
Houston,Virginia,0.35399256665872725
Houston,Virginia Tech,0.6511421421541383
Houston,Washington,0.7316193076472628
Houston,Wisconsin,0.6954599396801513
Houston,Wofford,0.749782594087935
Houston,Yale,0.8723459827605637
Iona,Iowa,0.28120108206831096
Iona,Iowa St,0.1721816917188398
Iona,Kansas,0.19121076525824288
Iona,Kansas St,0.12533020453089594
Iona,Kentucky,0.1082056836416847
Iona,Liberty,0.3888588119480433
Iona,Louisville,0.2459448368769248
Iona,LSU,0.14260931946971211
Iona,Marquette,0.18413317243111216
Iona,Maryland,0.24989592531718696
Iona,Michigan,0.11319610293874816
Iona,Michigan St,0.1021745872572184
Iona,Minnesota,0.3081562097007604
Iona,Mississippi,0.31000602216062323
Iona,Mississippi St,0.16082032118594736
Iona,Montana,0.28237480159166783
Iona,Murray St,0.2195611214674822
Iona,N Dakota St,0.6360727398985344
Iona,N Kentucky,0.32580760138345166
Iona,NC Central,0.6810857752838209
Iona,Nevada,0.11826049234875169
Iona,New Mexico St,0.14959177878304053
Iona,North Carolina,0.0745947316342006
Iona,Northeastern,0.23450389427657192
Iona,Ohio St,0.27872022638823113
Iona,Oklahoma,0.2882562007526337
Iona,Old Dominion,0.3444303930088778
Iona,Oregon,0.15015266189332332
Iona,Prairie View,0.5817008023892591
Iona,Purdue,0.11017661155003788
Iona,Seton Hall,0.2101404515854065
Iona,St John's,0.31960772753259237
Iona,St Louis,0.2945919708973006
Iona,St Mary's CA,0.2183582678576772
Iona,Syracuse,0.2439174415849369
Iona,Temple,0.2398345958190845
Iona,Tennessee,0.11600900159868899
Iona,Texas Tech,0.09505297769631937
Iona,UC Irvine,0.21966825039965487
Iona,UCF,0.25521835088654077
Iona,Utah St,0.17159138518418782
Iona,VA Commonwealth,0.14801100904482756
Iona,Vermont,0.21515464627696024
Iona,Villanova,0.12358136299967892
Iona,Virginia,0.0643714802826082
Iona,Virginia Tech,0.1532076905060651
Iona,Washington,0.2178279544767494
Iona,Wisconsin,0.19261313505401412
Iona,Wofford,0.18657517777292565
Iona,Yale,0.2999162121341675
Iowa,Iowa St,0.2770762495492842
Iowa,Kansas,0.269762380508873
Iowa,Kansas St,0.20766144335261505
Iowa,Kentucky,0.1883952029244811
Iowa,Liberty,0.654910584052519
Iowa,Louisville,0.351978066617491
Iowa,LSU,0.23195391539433186
Iowa,Marquette,0.29372526065340854
Iowa,Maryland,0.3788672907466384
Iowa,Michigan,0.19738574602627423
Iowa,Michigan St,0.18167262194338385
Iowa,Minnesota,0.4828172840209204
Iowa,Mississippi,0.49448875176024676
Iowa,Mississippi St,0.27179255657793266
Iowa,Montana,0.5784278999730512
Iowa,Murray St,0.43806926987442574
Iowa,N Dakota St,0.7546811761986263
Iowa,N Kentucky,0.5950849752709461
Iowa,NC Central,0.8100320205105321
Iowa,Nevada,0.21473645501890304
Iowa,New Mexico St,0.31444441530552814
Iowa,North Carolina,0.13401184607214778
Iowa,Northeastern,0.4560446812143415
Iowa,Ohio St,0.42472454987190755
Iowa,Oklahoma,0.4325651309773102
Iowa,Old Dominion,0.5716647249248583
Iowa,Oregon,0.2757489309074236
Iowa,Prairie View,0.7466362407880566
Iowa,Purdue,0.19904427566963157
Iowa,Seton Hall,0.32755367440377126
Iowa,St John's,0.5173108491805595
Iowa,St Louis,0.506586231699997
Iowa,St Mary's CA,0.4017436032246896
Iowa,Syracuse,0.39252014612866615
Iowa,Temple,0.4214421833608615
Iowa,Tennessee,0.19663533944359035
Iowa,Texas Tech,0.16732407764917423
Iowa,UC Irvine,0.4334269123413228
Iowa,UCF,0.41901312255097767
Iowa,Utah St,0.35046705829058034
Iowa,VA Commonwealth,0.30738150168472556
Iowa,Vermont,0.43519062292048993
Iowa,Villanova,0.1960163720424547
Iowa,Virginia,0.11412134331947021
Iowa,Virginia Tech,0.2470947325695364
Iowa,Washington,0.3595412499236047
Iowa,Wisconsin,0.3020350409384893
Iowa,Wofford,0.396639440497605
Iowa,Yale,0.6065781322207204
Iowa St,Kansas,0.4159923275669951
Iowa St,Kansas St,0.3445021423848451
Iowa St,Kentucky,0.31608190470327757
Iowa St,Liberty,0.8246281831495612
Iowa St,Louisville,0.5629308146622898
Iowa St,LSU,0.4015166023602068
Iowa St,Marquette,0.49604573168017363
Iowa St,Maryland,0.5937850167389243
Iowa St,Michigan,0.3173243236645691
Iowa St,Michigan St,0.30913475132482193
Iowa St,Minnesota,0.6903061190611853
Iowa St,Mississippi,0.7026277193620745
Iowa St,Mississippi St,0.4769387545288425
Iowa St,Montana,0.7648419489249279
Iowa St,Murray St,0.6638410354447224
Iowa St,N Dakota St,0.8898416400728004
Iowa St,N Kentucky,0.7880272530698644
Iowa St,NC Central,0.9004742759237035
Iowa St,Nevada,0.3990988819651715
Iowa St,New Mexico St,0.5323623231059103
Iowa St,North Carolina,0.21921231853581336
Iowa St,Northeastern,0.6795988911623514
Iowa St,Ohio St,0.6334825023544186
Iowa St,Oklahoma,0.6352268172375093
Iowa St,Old Dominion,0.7490382745112085
Iowa St,Oregon,0.4797278139936175
Iowa St,Prairie View,0.8646307727835147
Iowa St,Purdue,0.340682564369474
Iowa St,Seton Hall,0.5182486952599703
Iowa St,St John's,0.6884027616868915
Iowa St,St Louis,0.6991947797577545
Iowa St,St Mary's CA,0.6371457228606097
Iowa St,Syracuse,0.6094268306630412
Iowa St,Temple,0.6039520226046471
Iowa St,Tennessee,0.3260107855884202
Iowa St,Texas Tech,0.2820915256539416
Iowa St,UC Irvine,0.6617937001383525
Iowa St,UCF,0.6040905246879377
Iowa St,Utah St,0.5802788930456397
Iowa St,VA Commonwealth,0.5173592656470325
Iowa St,Vermont,0.6627079009258097
Iowa St,Villanova,0.3114039700367678
Iowa St,Virginia,0.1909395817832924
Iowa St,Virginia Tech,0.4067090032474383
Iowa St,Washington,0.5505885787799727
Iowa St,Wisconsin,0.48371127226858923
Iowa St,Wofford,0.6253297339088077
Iowa St,Yale,0.7851676541951979
Kansas,Kansas St,0.47470633400306705
Kansas,Kentucky,0.4386902132130456
Kansas,Liberty,0.8327740455001881
Kansas,Louisville,0.6637728915602186
Kansas,LSU,0.5057115825558411
Kansas,Marquette,0.6009576952887268
Kansas,Maryland,0.691410707684839
Kansas,Michigan,0.438225635317658
Kansas,Michigan St,0.4240540597106336
Kansas,Minnesota,0.7371006159357079
Kansas,Mississippi,0.7309391220379386
Kansas,Mississippi St,0.5763865033945399
Kansas,Montana,0.7874170492576613
Kansas,Murray St,0.689271914567671
Kansas,N Dakota St,0.8775720399073228
Kansas,N Kentucky,0.8089326004680417
Kansas,NC Central,0.8973500548473653
Kansas,Nevada,0.539226773820632
Kansas,New Mexico St,0.6173953216781296
Kansas,North Carolina,0.3232714188923044
Kansas,Northeastern,0.7065604860974399
Kansas,Ohio St,0.6957362812480594
Kansas,Oklahoma,0.693858031991401
Kansas,Old Dominion,0.7495839281905319
Kansas,Oregon,0.5927597044339621
Kansas,Prairie View,0.8704021012255441
Kansas,Purdue,0.46785204499049415
Kansas,Seton Hall,0.6224513685261999
Kansas,St John's,0.7332765010742003
Kansas,St Louis,0.6952875237297184
Kansas,St Mary's CA,0.7066829424937626
Kansas,Syracuse,0.6597182467076026
Kansas,Temple,0.6776383055369667
Kansas,Tennessee,0.45145363308999165
Kansas,Texas Tech,0.4006815777017645
Kansas,UC Irvine,0.6889435738488572
Kansas,UCF,0.6643108543431296
Kansas,Utah St,0.6644391768105694
Kansas,VA Commonwealth,0.607340649588795
Kansas,Vermont,0.681898123191227
Kansas,Villanova,0.4192649913737324
Kansas,Virginia,0.2821851931921462
Kansas,Virginia Tech,0.5270224259574601
Kansas,Washington,0.6082704650157653
Kansas,Wisconsin,0.5707230956937864
Kansas,Wofford,0.6552612516203256
Kansas,Yale,0.8041282099163214
Kansas St,Kentucky,0.48357406051454266
Kansas St,Liberty,0.8747697911661947
Kansas St,Louisville,0.7500540393628855
Kansas St,LSU,0.5916062498271761
Kansas St,Marquette,0.6740799765791936
Kansas St,Maryland,0.7540056594678353
Kansas St,Michigan,0.488575400670458
Kansas St,Michigan St,0.46688594736102174
Kansas St,Minnesota,0.7969461753819864
Kansas St,Mississippi,0.7896207913343436
Kansas St,Mississippi St,0.6475851987931762
Kansas St,Montana,0.8302520925111897
Kansas St,Murray St,0.7470190580588045
Kansas St,N Dakota St,0.9197856563990543
Kansas St,N Kentucky,0.8588242139122736
Kansas St,NC Central,0.9316032139546218
Kansas St,Nevada,0.5778867470680976
Kansas St,New Mexico St,0.6759234431921635
Kansas St,North Carolina,0.37468980193216594
Kansas St,Northeastern,0.7632363416567647
Kansas St,Ohio St,0.757140996410445
Kansas St,Oklahoma,0.75715443564908
Kansas St,Old Dominion,0.8290805764804496
Kansas St,Oregon,0.6478034279928784
Kansas St,Prairie View,0.8933508767003638
Kansas St,Purdue,0.5098213539074041
Kansas St,Seton Hall,0.6908870540082558
Kansas St,St John's,0.788059533470233
Kansas St,St Louis,0.7979383876613837
Kansas St,St Mary's CA,0.7623698479724121
Kansas St,Syracuse,0.7270181389242656
Kansas St,Temple,0.7432145624892985
Kansas St,Tennessee,0.5129718986560711
Kansas St,Texas Tech,0.4394067666356748
Kansas St,UC Irvine,0.743603499461984
Kansas St,UCF,0.7516117566823919
Kansas St,Utah St,0.7038224126107764
Kansas St,VA Commonwealth,0.6537002553480296
Kansas St,Vermont,0.7449697885613662
Kansas St,Villanova,0.49981453242548113
Kansas St,Virginia,0.33643129582518105
Kansas St,Virginia Tech,0.6015967965561968
Kansas St,Washington,0.6968827890788993
Kansas St,Wisconsin,0.6710995568710822
Kansas St,Wofford,0.7083999807059858
Kansas St,Yale,0.8561966804436406
Kentucky,Liberty,0.8915422023924852
Kentucky,Louisville,0.7533162240888251
Kentucky,LSU,0.6341024191954701
Kentucky,Marquette,0.7038179277916967
Kentucky,Maryland,0.7591712568790907
Kentucky,Michigan,0.544579974274016
Kentucky,Michigan St,0.5224266628953067
Kentucky,Minnesota,0.79884723098854
Kentucky,Mississippi,0.8036317975598575
Kentucky,Mississippi St,0.6865704950574724
Kentucky,Montana,0.8598373091407161
Kentucky,Murray St,0.788070295884593
Kentucky,N Dakota St,0.9283849206625437
Kentucky,N Kentucky,0.8727908022087222
Kentucky,NC Central,0.9350888457436546
Kentucky,Nevada,0.6278510604211093
Kentucky,New Mexico St,0.6949553762283598
Kentucky,North Carolina,0.41413339932255055
Kentucky,Northeastern,0.8012942177708864
Kentucky,Ohio St,0.7660571740945219
Kentucky,Oklahoma,0.7665377077692199
Kentucky,Old Dominion,0.8349500460800792
Kentucky,Oregon,0.6922265010259645
Kentucky,Prairie View,0.9158597709835652
Kentucky,Purdue,0.5740492778752012
Kentucky,Seton Hall,0.7070993070707949
Kentucky,St John's,0.8057114065471275
Kentucky,St Louis,0.8055299831788547
Kentucky,St Mary's CA,0.7787466725164487
Kentucky,Syracuse,0.7466589144496019
Kentucky,Temple,0.7693442060495487
Kentucky,Tennessee,0.5497027645002752
Kentucky,Texas Tech,0.5061334503829549
Kentucky,UC Irvine,0.7753056209140377
Kentucky,UCF,0.7584567228999342
Kentucky,Utah St,0.7463160272537239
Kentucky,VA Commonwealth,0.6929670585891058
Kentucky,Vermont,0.7789714718127302
Kentucky,Villanova,0.5289156531622516
Kentucky,Virginia,0.35158176216648385
Kentucky,Virginia Tech,0.6387326205402685
Kentucky,Washington,0.7178503095387023
Kentucky,Wisconsin,0.6790506556832361
Kentucky,Wofford,0.7475104306366629
Kentucky,Yale,0.8693327545814042
Liberty,Louisville,0.28873371365206124
Liberty,LSU,0.18465866945732223
Liberty,Marquette,0.2192956592436347
Liberty,Maryland,0.29310500666691686
Liberty,Michigan,0.13974606325509353
Liberty,Michigan St,0.11792258119225218
Liberty,Minnesota,0.36171134301899044
Liberty,Mississippi,0.38357774844834136
Liberty,Mississippi St,0.20612735398818827
Liberty,Montana,0.37718475128139684
Liberty,Murray St,0.27633810979215656
Liberty,N Dakota St,0.7046751559603233
Liberty,N Kentucky,0.43510981476455857
Liberty,NC Central,0.7332890664369622
Liberty,Nevada,0.14688752243066183
Liberty,New Mexico St,0.1853079601301607
Liberty,North Carolina,0.09244684908823786
Liberty,Northeastern,0.29268958868488115
Liberty,Ohio St,0.34592345768319377
Liberty,Oklahoma,0.3532024829095928
Liberty,Old Dominion,0.4231855775250345
Liberty,Oregon,0.19314606425612868
Liberty,Prairie View,0.6361046154869036
Liberty,Purdue,0.1352992224412075
Liberty,Seton Hall,0.26495518863897816
Liberty,St John's,0.39381571231339274
Liberty,St Louis,0.3736021781899491
Liberty,St Mary's CA,0.26642170572029245
Liberty,Syracuse,0.3023573382340424
Liberty,Temple,0.3040924049955773
Liberty,Tennessee,0.14745544711618075
Liberty,Texas Tech,0.11841679347569878
Liberty,UC Irvine,0.26708910577732425
Liberty,UCF,0.31926320209702874
Liberty,Utah St,0.2078238242518865
Liberty,VA Commonwealth,0.18745663576483707
Liberty,Vermont,0.27552181915071017
Liberty,Villanova,0.15208476564316498
Liberty,Virginia,0.07741618086563151
Liberty,Virginia Tech,0.19254128897191314
Liberty,Washington,0.27226801847977466
Liberty,Wisconsin,0.2261740673335384
Liberty,Wofford,0.24138990763475932
Liberty,Yale,0.4074629345580173
Louisville,LSU,0.33306356010385896
Louisville,Marquette,0.4171031881432805
Louisville,Maryland,0.5306320495601133
Louisville,Michigan,0.2792983663916129
Louisville,Michigan St,0.25917009058665597
Louisville,Minnesota,0.6358168653464216
Louisville,Mississippi,0.6422003560162802
Louisville,Mississippi St,0.40336706710347536
Louisville,Montana,0.704657549404381
Louisville,Murray St,0.5930854709579992
Louisville,N Dakota St,0.8388880955925888
Louisville,N Kentucky,0.7355773792333382
Louisville,NC Central,0.8724991639047126
Louisville,Nevada,0.34578715147193806
Louisville,New Mexico St,0.4776053898139232
Louisville,North Carolina,0.19822615350447148
Louisville,Northeastern,0.6105109742845459
Louisville,Ohio St,0.5829816141075186
Louisville,Oklahoma,0.5825440402141148
Louisville,Old Dominion,0.6814158025811943
Louisville,Oregon,0.4299674869309119
Louisville,Prairie View,0.8384318240015284
Louisville,Purdue,0.3002772041586025
Louisville,Seton Hall,0.4567329443150504
Louisville,St John's,0.6309242418083163
Louisville,St Louis,0.619835075182175
Louisville,St Mary's CA,0.5732819629255362
Louisville,Syracuse,0.5402883136464448
Louisville,Temple,0.549953829085343
Louisville,Tennessee,0.2811159680525097
Louisville,Texas Tech,0.24302112298530665
Louisville,UC Irvine,0.5861999023163684
Louisville,UCF,0.5474849871646905
Louisville,Utah St,0.5220031657711608
Louisville,VA Commonwealth,0.4670482630905498
Louisville,Vermont,0.584804058476066
Louisville,Villanova,0.26261375838192624
Louisville,Virginia,0.16531344218925903
Louisville,Virginia Tech,0.35228424111646894
Louisville,Washington,0.48488273130881665
Louisville,Wisconsin,0.41630500638620205
Louisville,Wofford,0.5486802926304284
Louisville,Yale,0.7256073767844303
LSU,Marquette,0.5800391737763078
LSU,Maryland,0.6605223612521509
LSU,Michigan,0.4060177018072554
LSU,Michigan St,0.379521369651032
LSU,Minnesota,0.7578092295372344
LSU,Mississippi,0.7615531489401608
LSU,Mississippi St,0.570388989588499
LSU,Montana,0.8122244272176458
LSU,Murray St,0.7271721607088746
LSU,N Dakota St,0.9059859292756436
LSU,N Kentucky,0.8385792056417687
LSU,NC Central,0.9249843929029671
LSU,Nevada,0.4839329755763083
LSU,New Mexico St,0.6283706546930576
LSU,North Carolina,0.29922522570332477
LSU,Northeastern,0.7396318410345317
LSU,Ohio St,0.718391472802282
LSU,Oklahoma,0.7091111201597122
LSU,Old Dominion,0.8034439769195731
LSU,Oregon,0.5706233263384246
LSU,Prairie View,0.8901488123520158
LSU,Purdue,0.4283960812030493
LSU,Seton Hall,0.5947987035007397
LSU,St John's,0.7562953410527093
LSU,St Louis,0.7755849807596504
LSU,St Mary's CA,0.7192801233568615
LSU,Syracuse,0.6817167600017482
LSU,Temple,0.6989035984042398
LSU,Tennessee,0.4184894423045662
LSU,Texas Tech,0.3609464627576151
LSU,UC Irvine,0.7161212075957988
LSU,UCF,0.7043739496386723
LSU,Utah St,0.658293798263982
LSU,VA Commonwealth,0.6188825839565453
LSU,Vermont,0.721631749340876
LSU,Villanova,0.40607768789947407
LSU,Virginia,0.2636629721588962
LSU,Virginia Tech,0.5105979700218971
LSU,Washington,0.6489949157367694
LSU,Wisconsin,0.5792637130825304
LSU,Wofford,0.6807199112779577
LSU,Yale,0.8346753564709101
Marquette,Maryland,0.5961277961800238
Marquette,Michigan,0.37211350867093396
Marquette,Michigan St,0.3164555955857442
Marquette,Minnesota,0.71100973712383
Marquette,Mississippi,0.714744633358146
Marquette,Mississippi St,0.5063415422631456
Marquette,Montana,0.7645429680647953
Marquette,Murray St,0.681178750297066
Marquette,N Dakota St,0.8892493572625237
Marquette,N Kentucky,0.7995130083791385
Marquette,NC Central,0.8978291818091677
Marquette,Nevada,0.4366606786828625
Marquette,New Mexico St,0.5500528881158386
Marquette,North Carolina,0.2660933978169826
Marquette,Northeastern,0.6952673359920081
Marquette,Ohio St,0.6564536404471311
Marquette,Oklahoma,0.6692257956759406
Marquette,Old Dominion,0.7561513172782164
Marquette,Oregon,0.5084172572808842
Marquette,Prairie View,0.8616607486014218
Marquette,Purdue,0.3862519595983629
Marquette,Seton Hall,0.5370604997694937
Marquette,St John's,0.7168602050823983
Marquette,St Louis,0.729474046969782
Marquette,St Mary's CA,0.6565307843098332
Marquette,Syracuse,0.6233053749766402
Marquette,Temple,0.6647499655161253
Marquette,Tennessee,0.3749277232630801
Marquette,Texas Tech,0.3056509617138491
Marquette,UC Irvine,0.6691615982464165
Marquette,UCF,0.6473330322210038
Marquette,Utah St,0.6071802716769623
Marquette,VA Commonwealth,0.545785811654639
Marquette,Vermont,0.661358565863345
Marquette,Villanova,0.3604287468819315
Marquette,Virginia,0.21894798443546726
Marquette,Virginia Tech,0.4520996055812635
Marquette,Washington,0.5882058322761281
Marquette,Wisconsin,0.5281443590306533
Marquette,Wofford,0.6405607407252649
Marquette,Yale,0.8010333201816168
Maryland,Michigan,0.2893487268167747
Maryland,Michigan St,0.27761244666857043
Maryland,Minnesota,0.6453334862233193
Maryland,Mississippi,0.6516415607764461
Maryland,Mississippi St,0.4261676895672467
Maryland,Montana,0.7224143562644358
Maryland,Murray St,0.6091548928350634
Maryland,N Dakota St,0.8489383373161019
Maryland,N Kentucky,0.7484067579267554
Maryland,NC Central,0.8781628758131491
Maryland,Nevada,0.3673369200803722
Maryland,New Mexico St,0.49434710708418195
Maryland,North Carolina,0.19957370246567663
Maryland,Northeastern,0.6284985329535957
Maryland,Ohio St,0.5929950942491311
Maryland,Oklahoma,0.5908555886454206
Maryland,Old Dominion,0.6925768577209575
Maryland,Oregon,0.44273349320510835
Maryland,Prairie View,0.8470364760355712
Maryland,Purdue,0.314545731016451
Maryland,Seton Hall,0.46700636099760784
Maryland,St John's,0.6408249744615736
Maryland,St Louis,0.6319883741756194
Maryland,St Mary's CA,0.5934408685235129
Maryland,Syracuse,0.5526352421586658
Maryland,Temple,0.560162036381251
Maryland,Tennessee,0.30048655799818436
Maryland,Texas Tech,0.2586860880280153
Maryland,UC Irvine,0.608789943370199
Maryland,UCF,0.5577041568623293
Maryland,Utah St,0.5453798589767798
Maryland,VA Commonwealth,0.48376261349979477
Maryland,Vermont,0.6009804926191038
Maryland,Villanova,0.27369131003835256
Maryland,Virginia,0.17025361868172306
Maryland,Virginia Tech,0.367725307953247
Maryland,Washington,0.4973332786098774
Maryland,Wisconsin,0.4263827744006219
Maryland,Wofford,0.5718224843730406
Maryland,Yale,0.7425647824033091
Michigan,Michigan St,0.44661824499542957
Michigan,Minnesota,0.7639553650782742
Michigan,Mississippi,0.7773246661610793
Michigan,Mississippi St,0.6520042087977183
Michigan,Montana,0.8287505904902194
Michigan,Murray St,0.7457324136639019
Michigan,N Dakota St,0.9149675652632443
Michigan,N Kentucky,0.8561108500749021
Michigan,NC Central,0.921770677602906
Michigan,Nevada,0.5832423811600422
Michigan,New Mexico St,0.6453011652130054
Michigan,North Carolina,0.33221179761008357
Michigan,Northeastern,0.7587996283179446
Michigan,Ohio St,0.7377828750859574
Michigan,Oklahoma,0.7378369761589266
Michigan,Old Dominion,0.8080782880238364
Michigan,Oregon,0.6475253240081731
Michigan,Prairie View,0.8926412538132629
Michigan,Purdue,0.509009521934403
Michigan,Seton Hall,0.6737211007402215
Michigan,St John's,0.775946290510092
Michigan,St Louis,0.7722782184290202
Michigan,St Mary's CA,0.7516084655962771
Michigan,Syracuse,0.7109773125407259
Michigan,Temple,0.7459067999257918
Michigan,Tennessee,0.5177475213324284
Michigan,Texas Tech,0.44723009096854693
Michigan,UC Irvine,0.7353931278643893
Michigan,UCF,0.7319689244357368
Michigan,Utah St,0.6956206609384072
Michigan,VA Commonwealth,0.648590281626858
Michigan,Vermont,0.739135058772334
Michigan,Villanova,0.49020147876893794
Michigan,Virginia,0.28608188089198705
Michigan,Virginia Tech,0.6059370978565417
Michigan,Washington,0.6798509513259794
Michigan,Wisconsin,0.6284570482471767
Michigan,Wofford,0.7129223142649309
Michigan,Yale,0.8540370922782554
Michigan St,Minnesota,0.842655849176746
Michigan St,Mississippi,0.8481635140981785
Michigan St,Mississippi St,0.7620188042622908
Michigan St,Montana,0.8793498088786029
Michigan St,Murray St,0.818072262848945
Michigan St,N Dakota St,0.9415676076995712
Michigan St,N Kentucky,0.9008676227480541
Michigan St,NC Central,0.9464940409015158
Michigan St,Nevada,0.7016872019371378
Michigan St,New Mexico St,0.7248966947549264
Michigan St,North Carolina,0.4614146169531681
Michigan St,Northeastern,0.8109033954086166
Michigan St,Ohio St,0.8153564502484902
Michigan St,Oklahoma,0.8275708722813848
Michigan St,Old Dominion,0.8722245841633264
Michigan St,Oregon,0.7558465901429773
Michigan St,Prairie View,0.9224357076855578
Michigan St,Purdue,0.6386121302937487
Michigan St,Seton Hall,0.779195216287956
Michigan St,St John's,0.8471374043319123
Michigan St,St Louis,0.8466766898884726
Michigan St,St Mary's CA,0.8346116396293772
Michigan St,Syracuse,0.8102201414810533
Michigan St,Temple,0.8199090577229986
Michigan St,Tennessee,0.6434264068693123
Michigan St,Texas Tech,0.57333937620915
Michigan St,UC Irvine,0.7959849520095645
Michigan St,UCF,0.8108214531031421
Michigan St,Utah St,0.784593732199625
Michigan St,VA Commonwealth,0.7437853105140743
Michigan St,Vermont,0.819360803798543
Michigan St,Villanova,0.6213863997064926
Michigan St,Virginia,0.4086356744291795
Michigan St,Virginia Tech,0.7210171714306143
Michigan St,Washington,0.7865733588182273
Michigan St,Wisconsin,0.7556649327887557
Michigan St,Wofford,0.7719580778394687
Michigan St,Yale,0.8980836899752616
Minnesota,Mississippi,0.5446163514001856
Minnesota,Mississippi St,0.33439579687604915
Minnesota,Montana,0.6238967007403249
Minnesota,Murray St,0.5085224427920273
Minnesota,N Dakota St,0.762840302600956
Minnesota,N Kentucky,0.6383779729679261
Minnesota,NC Central,0.8368801393139955
Minnesota,Nevada,0.27172676897574155
Minnesota,New Mexico St,0.3755848377108252
Minnesota,North Carolina,0.15455175459302306
Minnesota,Northeastern,0.5249194531275189
Minnesota,Ohio St,0.47888452663839776
Minnesota,Oklahoma,0.48621840967992436
Minnesota,Old Dominion,0.6093141412464156
Minnesota,Oregon,0.34188197951464805
Minnesota,Prairie View,0.7917624026482916
Minnesota,Purdue,0.24087321138896778
Minnesota,Seton Hall,0.36085692034869965
Minnesota,St John's,0.5745952235807017
Minnesota,St Louis,0.5526915875852623
Minnesota,St Mary's CA,0.4581489652160533
Minnesota,Syracuse,0.44544785552145294
Minnesota,Temple,0.4739556390400892
Minnesota,Tennessee,0.22428759715226543
Minnesota,Texas Tech,0.19183867645357078
Minnesota,UC Irvine,0.4926496284615015
Minnesota,UCF,0.468095019374995
Minnesota,Utah St,0.4153877450015214
Minnesota,VA Commonwealth,0.37397233527737117
Minnesota,Vermont,0.5026983853537663
Minnesota,Villanova,0.21750701836423492
Minnesota,Virginia,0.12806345112520923
Minnesota,Virginia Tech,0.2984169124132309
Minnesota,Washington,0.41584792873534326
Minnesota,Wisconsin,0.35308239916572604
Minnesota,Wofford,0.4659545894387429
Minnesota,Yale,0.6508434934967685
Mississippi,Mississippi St,0.2530186470971667
Mississippi,Montana,0.5664014443950316
Mississippi,Murray St,0.41977592035663003
Mississippi,N Dakota St,0.7622627363332689
Mississippi,N Kentucky,0.5777514082360005
Mississippi,NC Central,0.8193493504174048
Mississippi,Nevada,0.20240994294143932
Mississippi,New Mexico St,0.2983227388449158
Mississippi,North Carolina,0.1255781315709621
Mississippi,Northeastern,0.4412810617703824
Mississippi,Ohio St,0.41216511942694734
Mississippi,Oklahoma,0.4151554141956433
Mississippi,Old Dominion,0.5502186825130932
Mississippi,Oregon,0.2567981093013708
Mississippi,Prairie View,0.7620473446835541
Mississippi,Purdue,0.18740357030623156
Mississippi,Seton Hall,0.30654951367814043
Mississippi,St John's,0.49724818696470774
Mississippi,St Louis,0.48862041178824167
Mississippi,St Mary's CA,0.37734568463829976
Mississippi,Syracuse,0.36891525714047435
Mississippi,Temple,0.39545593569758697
Mississippi,Tennessee,0.18558828914441228
Mississippi,Texas Tech,0.1571744330307081
Mississippi,UC Irvine,0.4105632725028677
Mississippi,UCF,0.40172002299037823
Mississippi,Utah St,0.33145666035830756
Mississippi,VA Commonwealth,0.2917124751679052
Mississippi,Vermont,0.42032482974301777
Mississippi,Villanova,0.1797066167063497
Mississippi,Virginia,0.10584200600833615
Mississippi,Virginia Tech,0.23215292973146606
Mississippi,Washington,0.3412712445480782
Mississippi,Wisconsin,0.2844760145345768
Mississippi,Wofford,0.37890957563737615
Mississippi,Yale,0.5893970893152052
Mississippi St,Montana,0.804094560043678
Mississippi St,Murray St,0.7108838847292552
Mississippi St,N Dakota St,0.912414171416941
Mississippi St,N Kentucky,0.8256020950877216
Mississippi St,NC Central,0.9239784991472658
Mississippi St,Nevada,0.436506043397899
Mississippi St,New Mexico St,0.5728998718076619
Mississippi St,North Carolina,0.2508542001059787
Mississippi St,Northeastern,0.7302230550005857
Mississippi St,Ohio St,0.6576695205744016
Mississippi St,Oklahoma,0.6596862868059756
Mississippi St,Old Dominion,0.788980365375723
Mississippi St,Oregon,0.5164423266591198
Mississippi St,Prairie View,0.8920581463140523
Mississippi St,Purdue,0.38392981499314427
Mississippi St,Seton Hall,0.5352198220296118
Mississippi St,St John's,0.709663396406635
Mississippi St,St Louis,0.7611266389890009
Mississippi St,St Mary's CA,0.6800928508706697
Mississippi St,Syracuse,0.6308198328119622
Mississippi St,Temple,0.6452908405383997
Mississippi St,Tennessee,0.38070531957938547
Mississippi St,Texas Tech,0.32313331381046273
Mississippi St,UC Irvine,0.7083891460016416
Mississippi St,UCF,0.6481650050276011
Mississippi St,Utah St,0.6141133552880658
Mississippi St,VA Commonwealth,0.5590430800475363
Mississippi St,Vermont,0.714881207375087
Mississippi St,Villanova,0.3576378311150201
Mississippi St,Virginia,0.22388588229173412
Mississippi St,Virginia Tech,0.456214734190887
Mississippi St,Washington,0.5959666057320805
Mississippi St,Wisconsin,0.5242346162021458
Mississippi St,Wofford,0.6724646325506415
Mississippi St,Yale,0.8273108517205076
Montana,Murray St,0.3294329813630592
Montana,N Dakota St,0.7769612504263924
Montana,N Kentucky,0.5471646589142084
Montana,NC Central,0.7947522635294335
Montana,Nevada,0.16964226565035267
Montana,New Mexico St,0.21353007653449418
Montana,North Carolina,0.1174885570433497
Montana,Northeastern,0.3390519334450368
Montana,Ohio St,0.3969675245999751
Montana,Oklahoma,0.4000152677833858
Montana,Old Dominion,0.47731071477697096
Montana,Oregon,0.2319640793281882
Montana,Prairie View,0.6995095521353194
Montana,Purdue,0.16704536752587573
Montana,Seton Hall,0.3064592501728396
Montana,St John's,0.4389599124359481
Montana,St Louis,0.4293871100265426
Montana,St Mary's CA,0.31767356596763596
Montana,Syracuse,0.34148700659514086
Montana,Temple,0.34950013485622944
Montana,Tennessee,0.18208919013400937
Montana,Texas Tech,0.14687454261294242
Montana,UC Irvine,0.30187560965901894
Montana,UCF,0.3685902056638627
Montana,Utah St,0.2523449566672331
Montana,VA Commonwealth,0.2126351605292266
Montana,Vermont,0.31094066583829705
Montana,Villanova,0.18691804661244626
Montana,Virginia,0.0918557479686376
Montana,Virginia Tech,0.23219657476960587
Montana,Washington,0.3092296896320703
Montana,Wisconsin,0.27252266748956966
Montana,Wofford,0.27797904314830313
Montana,Yale,0.5205595301905597
Murray St,N Dakota St,0.8451748060346982
Murray St,N Kentucky,0.6628279738326488
Murray St,NC Central,0.8611186526219187
Murray St,Nevada,0.24472900678198795
Murray St,New Mexico St,0.349550850565984
Murray St,North Carolina,0.16469132476559045
Murray St,Northeastern,0.49985738274440616
Murray St,Ohio St,0.4905294953669934
Murray St,Oklahoma,0.49330961281696073
Murray St,Old Dominion,0.6195876365792425
Murray St,Oregon,0.30834557381778493
Murray St,Prairie View,0.8036516207814348
Murray St,Purdue,0.2332739070729558
Murray St,Seton Hall,0.37424446840474257
Murray St,St John's,0.5558631063279849
Murray St,St Louis,0.5731910434330028
Murray St,St Mary's CA,0.42804509769025456
Murray St,Syracuse,0.4339054632434647
Murray St,Temple,0.4540868705214688
Murray St,Tennessee,0.23294169094980843
Murray St,Texas Tech,0.20253857371934447
Murray St,UC Irvine,0.47817046173452493
Murray St,UCF,0.4605721329947864
Murray St,Utah St,0.3821428581527154
Murray St,VA Commonwealth,0.3321960562313486
Murray St,Vermont,0.4823632466186645
Murray St,Villanova,0.2387517199482413
Murray St,Virginia,0.137960321715356
Murray St,Virginia Tech,0.2922194648762634
Murray St,Washington,0.3981971135125042
Murray St,Wisconsin,0.34719709411995037
Murray St,Wofford,0.4366148274417935
Murray St,Yale,0.6498105061639221
N Dakota St,N Kentucky,0.26865411124301775
N Dakota St,NC Central,0.5762865196598059
N Dakota St,Nevada,0.10434613460636499
N Dakota St,New Mexico St,0.12789489210701777
N Dakota St,North Carolina,0.06448078363239429
N Dakota St,Northeastern,0.19697132637175463
N Dakota St,Ohio St,0.25011245243422653
N Dakota St,Oklahoma,0.2574529436375944
N Dakota St,Old Dominion,0.26983870607602534
N Dakota St,Oregon,0.13442958583449194
N Dakota St,Prairie View,0.4908926036569071
N Dakota St,Purdue,0.09573738820211508
N Dakota St,Seton Hall,0.18624016234448637
N Dakota St,St John's,0.28084799567524965
N Dakota St,St Louis,0.22733386713242876
N Dakota St,St Mary's CA,0.1826851869542434
N Dakota St,Syracuse,0.2082152815722036
N Dakota St,Temple,0.1979840768306449
N Dakota St,Tennessee,0.0955643324764468
N Dakota St,Texas Tech,0.083315785053651
N Dakota St,UC Irvine,0.17971748983498936
N Dakota St,UCF,0.21198998728281537
N Dakota St,Utah St,0.14975194454324692
N Dakota St,VA Commonwealth,0.13247723529413358
N Dakota St,Vermont,0.17895143729682028
N Dakota St,Villanova,0.09638897813319591
N Dakota St,Virginia,0.054452043371584935
N Dakota St,Virginia Tech,0.12266841030697273
N Dakota St,Washington,0.17113969531835382
N Dakota St,Wisconsin,0.1480842173097765
N Dakota St,Wofford,0.15423587776777004
N Dakota St,Yale,0.24695992786053445
N Kentucky,NC Central,0.7943132702697954
N Kentucky,Nevada,0.18186434339159063
N Kentucky,New Mexico St,0.22407636784471274
N Kentucky,North Carolina,0.10853433505286547
N Kentucky,Northeastern,0.3442231687387951
N Kentucky,Ohio St,0.3927862680652978
N Kentucky,Oklahoma,0.399102113046935
N Kentucky,Old Dominion,0.4764030547038095
N Kentucky,Oregon,0.2265017182065876
N Kentucky,Prairie View,0.7062194738177376
N Kentucky,Purdue,0.16432927168453282
N Kentucky,Seton Hall,0.3009096205472306
N Kentucky,St John's,0.44353685330085524
N Kentucky,St Louis,0.4276909824794204
N Kentucky,St Mary's CA,0.3201669628374588
N Kentucky,Syracuse,0.34294180612649394
N Kentucky,Temple,0.34594019088575556
N Kentucky,Tennessee,0.18378850202485142
N Kentucky,Texas Tech,0.14498187987110955
N Kentucky,UC Irvine,0.3233113039703658
N Kentucky,UCF,0.3617285313195854
N Kentucky,Utah St,0.25752113958204714
N Kentucky,VA Commonwealth,0.22245281404932127
N Kentucky,Vermont,0.3233863734151279
N Kentucky,Villanova,0.1846742765673649
N Kentucky,Virginia,0.09400336361868156
N Kentucky,Virginia Tech,0.23057823362448582
N Kentucky,Washington,0.3106118871488812
N Kentucky,Wisconsin,0.27402686103720153
N Kentucky,Wofford,0.29291614347022343
N Kentucky,Yale,0.5235195382344122
NC Central,Nevada,0.07445814160093678
NC Central,New Mexico St,0.09103541065323506
NC Central,North Carolina,0.04563160115673104
NC Central,Northeastern,0.15156717403832398
NC Central,Ohio St,0.1570005931200006
NC Central,Oklahoma,0.1605763325682954
NC Central,Old Dominion,0.22396481359148113
NC Central,Oregon,0.09721762756773578
NC Central,Prairie View,0.3679018658999236
NC Central,Purdue,0.06913367738737275
NC Central,Seton Hall,0.11625005891810447
NC Central,St John's,0.17846702734303177
NC Central,St Louis,0.19397030185238018
NC Central,St Mary's CA,0.1401885497128066
NC Central,Syracuse,0.13460343504577477
NC Central,Temple,0.14496727811803323
NC Central,Tennessee,0.07120591269353316
NC Central,Texas Tech,0.05926863695992701
NC Central,UC Irvine,0.14237805108981827
NC Central,UCF,0.15784990144839106
NC Central,Utah St,0.10677735055084903
NC Central,VA Commonwealth,0.093777335602935
NC Central,Vermont,0.14054966357668475
NC Central,Villanova,0.07828833367357202
NC Central,Virginia,0.03888919083501852
NC Central,Virginia Tech,0.09789845393728047
NC Central,Washington,0.12823321324479042
NC Central,Wisconsin,0.12589478637214302
NC Central,Wofford,0.1175141631949671
NC Central,Yale,0.20045656136478862
Nevada,New Mexico St,0.6000593214848822
Nevada,North Carolina,0.3055957997170091
Nevada,Northeastern,0.7496948294952788
Nevada,Ohio St,0.7026739250691241
Nevada,Oklahoma,0.7001686398768617
Nevada,Old Dominion,0.8033721722755728
Nevada,Oregon,0.5847129895533016
Nevada,Prairie View,0.9003161136084336
Nevada,Purdue,0.433066412053022
Nevada,Seton Hall,0.5909863590190315
Nevada,St John's,0.7411078983981151
Nevada,St Louis,0.7773162253556063
Nevada,St Mary's CA,0.7023801530291296
Nevada,Syracuse,0.6660612628562894
Nevada,Temple,0.6984313892713152
Nevada,Tennessee,0.40148283779260585
Nevada,Texas Tech,0.36640507847207104
Nevada,UC Irvine,0.7200030989614182
Nevada,UCF,0.6964018598416414
Nevada,Utah St,0.6464720026964659
Nevada,VA Commonwealth,0.6149451857048456
Nevada,Vermont,0.7315134105504938
Nevada,Villanova,0.3816812211056514
Nevada,Virginia,0.24588970480361072
Nevada,Virginia Tech,0.5084234101916136
Nevada,Washington,0.6325973385403568
Nevada,Wisconsin,0.5519069750439703
Nevada,Wofford,0.6992084529037426
Nevada,Yale,0.8332423448363571
New Mexico St,North Carolina,0.2579513882240332
New Mexico St,Northeastern,0.6831637655169076
New Mexico St,Ohio St,0.6346371465233993
New Mexico St,Oklahoma,0.635154684053548
New Mexico St,Old Dominion,0.7578932714860852
New Mexico St,Oregon,0.48153148795960254
New Mexico St,Prairie View,0.8743914702798897
New Mexico St,Purdue,0.3608153841311421
New Mexico St,Seton Hall,0.5103878276004227
New Mexico St,St John's,0.6926734883160789
New Mexico St,St Louis,0.7305248370333608
New Mexico St,St Mary's CA,0.6075869809548897
New Mexico St,Syracuse,0.5899931258378084
New Mexico St,Temple,0.6230486615584174
New Mexico St,Tennessee,0.34379059423667613
New Mexico St,Texas Tech,0.31340237327138065
New Mexico St,UC Irvine,0.6469192114995264
New Mexico St,UCF,0.6184389003151204
New Mexico St,Utah St,0.5426306948888218
New Mexico St,VA Commonwealth,0.5215407560699681
New Mexico St,Vermont,0.6614467012436265
New Mexico St,Villanova,0.35126978315100077
New Mexico St,Virginia,0.21415076750874362
New Mexico St,Virginia Tech,0.44594120329707887
New Mexico St,Washington,0.5540105786090701
New Mexico St,Wisconsin,0.5006033692489253
New Mexico St,Wofford,0.6224153030323896
New Mexico St,Yale,0.7956622574244585
North Carolina,Northeastern,0.838780518021654
North Carolina,Ohio St,0.8301231086236511
North Carolina,Oklahoma,0.8379513072414011
North Carolina,Old Dominion,0.8804814170134112
North Carolina,Oregon,0.7780636015160773
North Carolina,Prairie View,0.9332749734078815
North Carolina,Purdue,0.6822184331594923
North Carolina,Seton Hall,0.7870077076257289
North Carolina,St John's,0.8484348711060572
North Carolina,St Louis,0.8602818504391632
North Carolina,St Mary's CA,0.8424457332526205
North Carolina,Syracuse,0.8096818085455849
North Carolina,Temple,0.8290966410299123
North Carolina,Tennessee,0.651606558272313
North Carolina,Texas Tech,0.616277294372739
North Carolina,UC Irvine,0.8231321920968948
North Carolina,UCF,0.825873338904805
North Carolina,Utah St,0.8137792099604866
North Carolina,VA Commonwealth,0.7737984325364464
North Carolina,Vermont,0.8434310216288722
North Carolina,Villanova,0.6445511452661286
North Carolina,Virginia,0.466372863564276
North Carolina,Virginia Tech,0.7365525759697609
North Carolina,Washington,0.7859856669160235
North Carolina,Wisconsin,0.7707616832396909
North Carolina,Wofford,0.7956009796074864
North Carolina,Yale,0.9026654087142111
Northeastern,Ohio St,0.4685654706873805
Northeastern,Oklahoma,0.4727435879571762
Northeastern,Old Dominion,0.5949318971939916
Northeastern,Oregon,0.2976652292710681
Northeastern,Prairie View,0.7815932493089968
Northeastern,Purdue,0.21577518641824056
Northeastern,Seton Hall,0.35896235491831885
Northeastern,St John's,0.5310684866406439
Northeastern,St Louis,0.5442110831175253
Northeastern,St Mary's CA,0.39911204909542997
Northeastern,Syracuse,0.4078290685132959
Northeastern,Temple,0.44042377931046395
Northeastern,Tennessee,0.21235701554770348
Northeastern,Texas Tech,0.18859645483025533
Northeastern,UC Irvine,0.437472606195463
Northeastern,UCF,0.4387941906791468
Northeastern,Utah St,0.3529247464526438
Northeastern,VA Commonwealth,0.30669308186840927
Northeastern,Vermont,0.44389366873415836
Northeastern,Villanova,0.2177748310353792
Northeastern,Virginia,0.1187306286726264
Northeastern,Virginia Tech,0.27332128296387737
Northeastern,Washington,0.37285326180882794
Northeastern,Wisconsin,0.3155502639363781
Northeastern,Wofford,0.40913269398504204
Northeastern,Yale,0.6343680072984149
Ohio St,Oklahoma,0.471065448907817
Ohio St,Old Dominion,0.5963300484314475
Ohio St,Oregon,0.329418932585108
Ohio St,Prairie View,0.78137065382277
Ohio St,Purdue,0.23274053090952163
Ohio St,Seton Hall,0.3563576699098544
Ohio St,St John's,0.5582903252671099
Ohio St,St Louis,0.5358798871952596
Ohio St,St Mary's CA,0.44958765118927424
Ohio St,Syracuse,0.4307025895923071
Ohio St,Temple,0.46570767783929334
Ohio St,Tennessee,0.21655515579143003
Ohio St,Texas Tech,0.1867572416792016
Ohio St,UC Irvine,0.48140700260909797
Ohio St,UCF,0.45461848048216913
Ohio St,Utah St,0.40450254177275835
Ohio St,VA Commonwealth,0.3694040715329937
Ohio St,Vermont,0.4857559771610286
Ohio St,Villanova,0.20994507342698465
Ohio St,Virginia,0.1231218532884022
Ohio St,Virginia Tech,0.28908122358889354
Ohio St,Washington,0.4013733095128561
Ohio St,Wisconsin,0.3377577207089486
Ohio St,Wofford,0.4547750932906788
Ohio St,Yale,0.6421720723286273
Oklahoma,Old Dominion,0.5995302788929573
Oklahoma,Oregon,0.3249062210902489
Oklahoma,Prairie View,0.783454907957162
Oklahoma,Purdue,0.22265853238618594
Oklahoma,Seton Hall,0.3433168543271149
Oklahoma,St John's,0.5607469528391154
Oklahoma,St Louis,0.534281345797339
Oklahoma,St Mary's CA,0.43421502470097617
Oklahoma,Syracuse,0.42480848636772583
Oklahoma,Temple,0.4602651417934418
Oklahoma,Tennessee,0.2093018924799671
Oklahoma,Texas Tech,0.18027237219190817
Oklahoma,UC Irvine,0.47703207651623314
Oklahoma,UCF,0.45483968701295785
Oklahoma,Utah St,0.3992408048494318
Oklahoma,VA Commonwealth,0.3554000404859653
Oklahoma,Vermont,0.48643121729922556
Oklahoma,Villanova,0.2028558812328033
Oklahoma,Virginia,0.11597182736037603
Oklahoma,Virginia Tech,0.2802677919862029
Oklahoma,Washington,0.3956016655476211
Oklahoma,Wisconsin,0.32490345517105235
Oklahoma,Wofford,0.4539139072366023
Oklahoma,Yale,0.6432250842568984
Old Dominion,Oregon,0.25743380496726886
Old Dominion,Prairie View,0.7394919719359722
Old Dominion,Purdue,0.18699904849717852
Old Dominion,Seton Hall,0.3363471265096821
Old Dominion,St John's,0.5243386797182524
Old Dominion,St Louis,0.4960109714729669
Old Dominion,St Mary's CA,0.3702088132445991
Old Dominion,Syracuse,0.39500848403302125
Old Dominion,Temple,0.39294575633268203
Old Dominion,Tennessee,0.1937170023184278
Old Dominion,Texas Tech,0.16330181234528107
Old Dominion,UC Irvine,0.40893219951238213
Old Dominion,UCF,0.38734924532901827
Old Dominion,Utah St,0.31890620747359555
Old Dominion,VA Commonwealth,0.27396592931257135
Old Dominion,Vermont,0.416002853938237
Old Dominion,Villanova,0.1928970295591751
Old Dominion,Virginia,0.10540617768564697
Old Dominion,Virginia Tech,0.24319048967398094
Old Dominion,Washington,0.34337316152016584
Old Dominion,Wisconsin,0.2963075269903278
Old Dominion,Wofford,0.37971468459496316
Old Dominion,Yale,0.5877377365356046
Oregon,Prairie View,0.8938671440087482
Oregon,Purdue,0.3804920360170586
Oregon,Seton Hall,0.5503477682651225
Oregon,St John's,0.7217106844784605
Oregon,St Louis,0.7698966507972816
Oregon,St Mary's CA,0.6974640199863957
Oregon,Syracuse,0.6449005996685494
Oregon,Temple,0.6591179274343417
Oregon,Tennessee,0.3898538403336086
Oregon,Texas Tech,0.3199571916016001
Oregon,UC Irvine,0.7163828504097212
Oregon,UCF,0.6619387489221298
Oregon,Utah St,0.6259319741707539
Oregon,VA Commonwealth,0.560724963844228
Oregon,Vermont,0.7187232546777776
Oregon,Villanova,0.3710503187431593
Oregon,Virginia,0.22484825898349114
Oregon,Virginia Tech,0.47137436270107114
Oregon,Washington,0.6105560230340301
Oregon,Wisconsin,0.5469657340949308
Oregon,Wofford,0.6790550081767985
Oregon,Yale,0.8373719061756222
Prairie View,Purdue,0.10593201902526084
Prairie View,Seton Hall,0.1652943969232855
Prairie View,St John's,0.25466344799523033
Prairie View,St Louis,0.2679689212750358
Prairie View,St Mary's CA,0.2060921198825859
Prairie View,Syracuse,0.19639565050759256
Prairie View,Temple,0.20511543886807226
Prairie View,Tennessee,0.1068939576409973
Prairie View,Texas Tech,0.09194289583687854
Prairie View,UC Irvine,0.21188408908827006
Prairie View,UCF,0.22557836227579842
Prairie View,Utah St,0.17141684305980076
Prairie View,VA Commonwealth,0.1372725963625374
Prairie View,Vermont,0.20713927547789135
Prairie View,Villanova,0.1146222040944459
Prairie View,Virginia,0.06068240769954136
Prairie View,Virginia Tech,0.13851286449637745
Prairie View,Washington,0.18773545988163165
Prairie View,Wisconsin,0.18598156204578453
Prairie View,Wofford,0.17573674816812568
Prairie View,Yale,0.28557181031534173
Purdue,Seton Hall,0.6578896720359699
Purdue,St John's,0.7958981820246838
Purdue,St Louis,0.8128459616860988
Purdue,St Mary's CA,0.7687990601654993
Purdue,Syracuse,0.7328227008190159
Purdue,Temple,0.749095861087578
Purdue,Tennessee,0.4819076268553908
Purdue,Texas Tech,0.41114321131214204
Purdue,UC Irvine,0.7551392511083
Purdue,UCF,0.7573635180365351
Purdue,Utah St,0.7146329613115407
Purdue,VA Commonwealth,0.6519014475063656
Purdue,Vermont,0.7552026870316818
Purdue,Villanova,0.4636324943252573
Purdue,Virginia,0.28243256524911997
Purdue,Virginia Tech,0.5713711357456881
Purdue,Washington,0.70306642192032
Purdue,Wisconsin,0.6316054929492847
Purdue,Wofford,0.7227197120548903
Purdue,Yale,0.8691366963625657
Seton Hall,St John's,0.6800452759187146
Seton Hall,St Louis,0.6786076741365401
Seton Hall,St Mary's CA,0.6299657133652841
Seton Hall,Syracuse,0.5933548451478732
Seton Hall,Temple,0.5931510303344819
Seton Hall,Tennessee,0.32593045124072384
Seton Hall,Texas Tech,0.28187755787033386
Seton Hall,UC Irvine,0.6368731264848406
Seton Hall,UCF,0.5961832918771398
Seton Hall,Utah St,0.5751618892836741
Seton Hall,VA Commonwealth,0.5198042057022564
Seton Hall,Vermont,0.643155446532756
Seton Hall,Villanova,0.3004240589891881
Seton Hall,Virginia,0.19926013039798862
Seton Hall,Virginia Tech,0.39587632528255534
Seton Hall,Washington,0.5388865014086828
Seton Hall,Wisconsin,0.46867604588823963
Seton Hall,Wofford,0.5998284448329738
Seton Hall,Yale,0.769797665783338
St John's,St Louis,0.48932662460817555
St John's,St Mary's CA,0.37951744015065303
St John's,Syracuse,0.39752978189217125
St John's,Temple,0.398079830562336
St John's,Tennessee,0.20148024852883728
St John's,Texas Tech,0.17169001677110796
St John's,UC Irvine,0.40874409594509387
St John's,UCF,0.4014973415339482
St John's,Utah St,0.3329061568296109
St John's,VA Commonwealth,0.2942612650102333
St John's,Vermont,0.4200990768438856
St John's,Villanova,0.1955952738185941
St John's,Virginia,0.11664341776340381
St John's,Virginia Tech,0.2479221318051148
St John's,Washington,0.36899529197929104
St John's,Wisconsin,0.2979029759713926
St John's,Wofford,0.3786915350507618
St John's,Yale,0.5911900023170367
St Louis,St Mary's CA,0.3488808596812988
St Louis,Syracuse,0.3659782501998262
St Louis,Temple,0.3685478642835439
St Louis,Tennessee,0.17468276292342533
St Louis,Texas Tech,0.14945290549044155
St Louis,UC Irvine,0.36641730851411136
St Louis,UCF,0.3630910010361257
St Louis,Utah St,0.29529096638793384
St Louis,VA Commonwealth,0.26513499986693123
St Louis,Vermont,0.37277047932336205
St Louis,Villanova,0.17283648597271484
St Louis,Virginia,0.10014742354960093
St Louis,Virginia Tech,0.2175160321866837
St Louis,Washington,0.31615466123857294
St Louis,Wisconsin,0.26817831611206855
St Louis,Wofford,0.3339697075518534
St Louis,Yale,0.5530224323374389
St Mary's CA,Syracuse,0.5495813759022496
St Mary's CA,Temple,0.5673126283037369
St Mary's CA,Tennessee,0.29549718227399135
St Mary's CA,Texas Tech,0.2505356233716918
St Mary's CA,UC Irvine,0.6049124438048294
St Mary's CA,UCF,0.5815827129755163
St Mary's CA,Utah St,0.504000364471022
St Mary's CA,VA Commonwealth,0.46025607167165883
St Mary's CA,Vermont,0.6114103260324142
St Mary's CA,Villanova,0.3054773736867187
St Mary's CA,Virginia,0.17358171178927417
St Mary's CA,Virginia Tech,0.38593396619749143
St Mary's CA,Washington,0.5129798371797823
St Mary's CA,Wisconsin,0.46135735477464257
St Mary's CA,Wofford,0.5730879489540186
St Mary's CA,Yale,0.7513033803268792
Syracuse,Temple,0.4987699079484512
Syracuse,Tennessee,0.2541820489178608
Syracuse,Texas Tech,0.21491970912615055
Syracuse,UC Irvine,0.5588168384544414
Syracuse,UCF,0.49215445531004254
Syracuse,Utah St,0.4779167138340704
Syracuse,VA Commonwealth,0.41194225155116504
Syracuse,Vermont,0.5626799019567756
Syracuse,Villanova,0.24493916123952142
Syracuse,Virginia,0.14841835926382607
Syracuse,Virginia Tech,0.32228343145531335
Syracuse,Washington,0.441105814744598
Syracuse,Wisconsin,0.39923028201875455
Syracuse,Wofford,0.5187255814345879
Syracuse,Yale,0.701131365253123
Temple,Tennessee,0.21051602873048758
Temple,Texas Tech,0.17969043483539715
Temple,UC Irvine,0.4627288366621364
Temple,UCF,0.4488854573265991
Temple,Utah St,0.37730217988857595
Temple,VA Commonwealth,0.3361001918600649
Temple,Vermont,0.4708543968708935
Temple,Villanova,0.20275623224350048
Temple,Virginia,0.12245799326563356
Temple,Virginia Tech,0.25836679231622073
Temple,Washington,0.3901642742700817
Temple,Wisconsin,0.3056211068193436
Temple,Wofford,0.4293643979345969
Temple,Yale,0.638763157758294
Tennessee,Texas Tech,0.4592759070020829
Tennessee,UC Irvine,0.7505663111849376
Tennessee,UCF,0.7355758482692569
Tennessee,Utah St,0.711446323679976
Tennessee,VA Commonwealth,0.6627370423080812
Tennessee,Vermont,0.7564422319156677
Tennessee,Villanova,0.4986634888221215
Tennessee,Virginia,0.331676115420388
Tennessee,Virginia Tech,0.6103371693366333
Tennessee,Washington,0.690746124723072
Tennessee,Wisconsin,0.6552121714332222
Tennessee,Wofford,0.7251433649782162
Tennessee,Yale,0.8580078520674334
Texas Tech,UC Irvine,0.7849066614271464
Texas Tech,UCF,0.7628297522126062
Texas Tech,Utah St,0.7607251287879835
Texas Tech,VA Commonwealth,0.6980710489696763
Texas Tech,Vermont,0.7815542051286906
Texas Tech,Villanova,0.5359781109518795
Texas Tech,Virginia,0.37563966764296786
Texas Tech,Virginia Tech,0.6382089734392944
Texas Tech,Washington,0.7139541723696833
Texas Tech,Wisconsin,0.6814066015348981
Texas Tech,Wofford,0.7534941758875979
Texas Tech,Yale,0.8764676562357593
UC Irvine,UCF,0.49697879895080443
UC Irvine,Utah St,0.4086367361861646
UC Irvine,VA Commonwealth,0.3781899286308201
UC Irvine,Vermont,0.5160523398577042
UC Irvine,Villanova,0.2587101040390152
UC Irvine,Virginia,0.14602468532302548
UC Irvine,Virginia Tech,0.33680184144740133
UC Irvine,Washington,0.44270985623539694
UC Irvine,Wisconsin,0.3781218800638938
UC Irvine,Wofford,0.4803154590826295
UC Irvine,Yale,0.6874788595448444
UCF,Utah St,0.5116975071090988
UCF,VA Commonwealth,0.4528701101938982
UCF,Vermont,0.6047818992185929
UCF,Villanova,0.29463772790488374
UCF,Virginia,0.16963383720921033
UCF,Virginia Tech,0.38403309923793694
UCF,Washington,0.5019438995372794
UCF,Wisconsin,0.4468648206688678
UCF,Wofford,0.5757055586001867
UCF,Yale,0.7435133923772148
Utah St,VA Commonwealth,0.43960202812637494
Utah St,Vermont,0.5980659025674285
Utah St,Villanova,0.3184731628743338
Utah St,Virginia,0.17807348227872977
Utah St,Virginia Tech,0.3934287014546002
Utah St,Washington,0.5089107947596085
Utah St,Wisconsin,0.446229844745596
Utah St,Wofford,0.5660012309805385
Utah St,Yale,0.7570957060573761
VA Commonwealth,Vermont,0.6981370486215309
VA Commonwealth,Villanova,0.37632193106182754
VA Commonwealth,Virginia,0.2257080259035491
VA Commonwealth,Virginia Tech,0.49056906548159407
VA Commonwealth,Washington,0.6124310838724467
VA Commonwealth,Wisconsin,0.5546748997592414
VA Commonwealth,Wofford,0.656951278188646
VA Commonwealth,Yale,0.8126213059731764
Vermont,Villanova,0.26735519585337697
Vermont,Virginia,0.15008839261619789
Vermont,Virginia Tech,0.341896283230005
Vermont,Washington,0.4461699772295564
Vermont,Wisconsin,0.3955471101892516
Vermont,Wofford,0.47027601242249806
Vermont,Yale,0.6826520791189539
Villanova,Virginia,0.3185851362380576
Villanova,Virginia Tech,0.5835415729401284
Villanova,Washington,0.6656983271849798
Villanova,Wisconsin,0.6330014409821251
Villanova,Wofford,0.7000494214562683
Villanova,Yale,0.8433427000724771
Virginia,Virginia Tech,0.7461911916981754
Virginia,Washington,0.8077518686475159
Virginia,Wisconsin,0.7913969235236114
Virginia,Wofford,0.8079032358853018
Virginia,Yale,0.9131838336461209
Virginia Tech,Washington,0.6080066322692425
Virginia Tech,Wisconsin,0.5397867727766432
Virginia Tech,Wofford,0.6497747842524155
Virginia Tech,Yale,0.8080242894683233
Washington,Wisconsin,0.44671293813988655
Washington,Wofford,0.5654704998547757
Washington,Yale,0.743799852365412
Wisconsin,Wofford,0.6433257616316009
Wisconsin,Yale,0.8029436457320281
Wofford,Yale,0.6909815088734741
